product_name,search_volume,social_mentions,news_articles,sales_usd_million,influencer_mentions,sentiment_score,trend_score,next_month_trend
Kindle Paperwhite,46,3749,88,199.4,190,0.26,44,0
Gaming Laptop,30,9610,86,278.92,118,-0.62,50,0
Mechanical Keyboard,80,8095,72,254.05,95,-0.71,54,0
Retinol Night Cream,74,6794,131,100.96,52,0.88,47,0
Sony WH-1000XM5,33,7027,86,430.11,51,0.84,58,0
Apple Watch Series 10,91,6257,88,340.09,99,0.77,62,0
Mechanical Keyboard,94,2469,117,419.76,124,0.25,66,0
Drone Pro X,61,1391,80,430.09,35,0.62,79,1
Kindle Paperwhite,63,4970,126,375.44,160,-0.86,71,0
Foundation Serum,68,7675,147,222.41,52,-0.33,65,0
Smart Speaker,55,8820,45,307.22,86,-0.37,66,0
Portable Projector,63,9706,6,84.38,165,0.27,58,0
Sony WH-1000XM5,83,7312,33,338.45,146,-0.29,89,0
Sony WH-1000XM5,32,8019,109,93.73,29,-0.7,81,0
Electric Toothbrush,79,5112,55,348.51,193,0.19,68,0
Drone Pro X,41,1698,79,118.65,48,0.63,78,1
MacBook Air M3,94,5738,14,63.19,188,-0.24,99,0
Apple Watch Series 10,83,6589,146,86.82,21,-0.74,80,0
Electric Toothbrush,34,6757,55,5.99,192,-0.61,72,0
PlayStation 5,86,8205,122,360.78,20,-0.53,58,0
Smart TV 55in,46,4219,125,367.54,163,-0.4,76,0
Drone Pro X,76,802,43,259.89,51,0.29,58,0
Galaxy S24 Ultra,52,1486,32,84.87,164,0.2,72,1
Electric Toothbrush,43,4940,7,46.36,20,0.39,86,1
Bose QuietComfort Ultra,95,5409,88,14.47,47,-0.27,55,0
Fitness Tracker,80,3572,121,87.05,107,0.65,62,0
Nike Air Max,67,3624,6,445.97,180,-0.59,46,0
Galaxy S24 Ultra,93,8625,97,124.56,28,-0.06,65,0
Wireless Charger,67,3791,135,180.36,143,0.6,71,1
Drone Pro X,79,4533,148,57.15,183,-0.64,51,0
iPhone 16 Pro,59,5605,98,115.07,125,-0.78,47,0
Bose QuietComfort Ultra,80,1203,44,262.02,122,0.77,44,0
Foundation Serum,92,8633,6,305.84,179,-0.31,81,0
Smart TV 55in,81,1074,85,126.45,74,0.37,67,0
Mechanical Keyboard,67,6204,16,33.58,108,-0.95,92,0
Bose QuietComfort Ultra,59,8348,69,198.56,81,0.38,44,0
Skincare Set,80,5708,59,120.93,196,-0.37,88,0
LED Face Mask,34,7424,49,113.68,61,-0.89,65,0
Luxury Perfume,58,4328,105,480.13,127,0.22,44,0
Luxury Perfume,33,3730,66,310.07,184,-0.52,61,0
GoPro Hero 12,39,988,53,280.65,129,-0.23,54,0
Wireless Charger,85,7614,131,210.81,16,-0.84,52,0
Wireless Charger,46,3673,27,217.33,20,-0.71,67,0
Hair Growth Oil,46,2167,42,272.75,112,-0.4,72,0
Retinol Night Cream,98,4614,32,349.73,70,-0.82,82,0
Fitness Tracker,63,4053,25,352.56,77,0.82,62,0
Fitness Tracker,35,8261,111,89.99,162,-0.99,72,0
Retinol Night Cream,82,1500,103,252.56,149,-0.03,82,0
Fitness Tracker,95,9542,123,208.92,163,-0.75,57,0
Smart Speaker,72,1888,77,435.91,111,-0.38,89,0
Bose QuietComfort Ultra,52,5950,126,317.55,119,0.85,92,1
Portable Projector,84,4212,34,268.59,149,-0.68,69,0
Gaming Laptop,45,1867,112,62.12,180,0.93,65,0
Skincare Set,37,8689,102,304.79,60,-0.59,55,0
PlayStation 5,33,9513,36,63.02,126,0.48,52,0
Dyson Airwrap,33,954,83,171.92,174,0.09,78,1
Smart Speaker,85,3272,45,75.71,55,0.77,72,1
Kindle Paperwhite,54,4226,67,347.58,62,0.11,65,0
Drone Pro X,96,7732,27,107.09,97,0.07,87,1
Fitbit Versa 4,96,5306,108,198.97,130,-0.61,40,0
Kindle Paperwhite,56,2690,79,448.36,22,-0.67,88,0
Wireless Earbuds,61,9608,52,106.14,98,0.83,77,1
MacBook Air M3,79,3375,61,256.36,134,-0.34,41,0
Skincare Set,90,6092,122,212.54,127,-0.26,88,0
Wireless Charger,80,1940,104,13.97,63,0.52,45,0
Hyaluronic Acid Moisturizer,48,9427,128,397.42,194,-0.32,85,0
Wireless Earbuds,50,6559,38,39.18,125,0.9,89,1
Foundation Serum,34,7510,11,239.76,127,0.48,77,1
Fitbit Versa 4,71,7617,60,282.54,13,0.19,81,1
Foundation Serum,90,9653,69,316.07,84,0.76,63,0
Drone Pro X,51,3489,51,345.87,58,-0.9,57,0
Galaxy S24 Ultra,50,9718,23,130.37,16,-0.49,66,0
Gaming Laptop,99,6728,130,9.94,119,-0.07,80,0
Wireless Charger,30,6971,143,363.1,131,-0.55,47,0
Retinol Night Cream,34,3363,53,270.15,20,0.49,67,0
Wireless Charger,41,1677,117,418.88,101,0.84,49,0
Kindle Paperwhite,75,5260,42,411.59,191,-0.15,56,0
Bose QuietComfort Ultra,63,511,68,422.45,182,-0.32,94,0
Mechanical Keyboard,78,5752,73,245.12,32,0.92,68,0
Apple Watch Series 10,74,4899,140,170.15,37,-0.11,97,0
Retinol Night Cream,56,8734,120,396.82,120,-0.02,45,0
PlayStation 5,55,9635,69,228.39,66,-0.3,53,0
Hyaluronic Acid Moisturizer,76,5945,35,95.8,35,0.82,61,0
LED Face Mask,85,7070,136,428.21,162,0.14,93,1
MacBook Air M3,92,9696,117,441.87,63,0.52,45,0
Wireless Earbuds,77,8712,113,235.82,38,0.62,65,0
Apple Watch Series 10,90,906,73,42.47,106,-0.32,78,0
MacBook Air M3,55,9706,124,196.97,173,-0.13,51,0
Galaxy S24 Ultra,65,4931,92,402.75,23,0.7,74,1
Fitness Tracker,30,5743,71,451.38,87,-0.27,53,0
Nike Air Max,37,7042,79,105.72,44,0.59,61,0
Smart TV 55in,81,7436,49,38.15,39,0.88,90,1
GoPro Hero 12,76,9406,8,439.29,101,0.25,62,0
MacBook Air M3,85,4646,111,197.76,26,0.48,87,1
Smart TV 55in,43,640,55,273.17,167,0.61,46,0
Mechanical Keyboard,57,5382,54,484.19,102,0.69,79,1
Wireless Earbuds,31,6512,10,37.95,182,-0.21,89,0
Foundation Serum,55,1463,63,325.92,88,-0.9,64,0
Bose QuietComfort Ultra,43,7651,129,41.68,119,-0.2,52,0
Galaxy S24 Ultra,88,9064,147,190.86,188,0.35,60,0
GoPro Hero 12,85,4110,34,402.89,111,-0.1,80,0
Fitness Tracker,36,7394,126,219.57,115,0.5,49,0
MacBook Air M3,32,7811,129,498.61,56,-0.29,92,0
Hyaluronic Acid Moisturizer,52,605,41,281.73,190,0.27,94,1
Hair Growth Oil,47,6039,128,163.98,73,-0.63,98,0
Retinol Night Cream,67,7287,105,113.96,175,0.5,48,0
Apple Watch Series 10,44,2637,39,178.51,73,0.09,54,0
Hyaluronic Acid Moisturizer,93,4945,91,189.4,96,-0.59,91,0
Portable Projector,57,4030,138,39.01,16,-0.42,41,0
Wireless Charger,68,1786,22,187.94,31,0.5,64,0
Skincare Set,86,7552,117,234.8,90,-0.03,52,0
Fitness Tracker,46,4154,33,362.76,178,-0.57,73,0
Apple Watch Series 10,73,7602,81,330.08,83,0.93,90,1
Drone Pro X,54,2859,63,355.84,147,0.43,97,1
Hair Growth Oil,46,8605,130,9.14,194,0.91,73,1
Vitamin C Serum,42,9136,149,112.75,144,-0.15,74,0
Wireless Earbuds,54,6941,113,332.53,134,-0.05,77,0
Retinol Night Cream,97,5547,26,244.57,59,0.8,42,0
Drone Pro X,39,8727,72,7.63,61,0.05,81,1
Electric Toothbrush,96,5703,73,403.22,170,0.41,95,1
Foundation Serum,47,2298,53,387.54,10,-0.5,98,0
Skincare Set,63,5791,145,276.47,190,-0.11,45,0
Wireless Charger,37,5995,113,37.9,197,-0.75,94,0
Wireless Charger,69,6784,90,384.42,171,-0.59,87,0
Wireless Charger,71,7785,57,293.94,13,-1.0,88,0
Vitamin C Serum,70,1800,127,392.07,154,-0.92,58,0
Fitbit Versa 4,35,7369,91,377.11,141,0.95,42,0
Mechanical Keyboard,81,9935,135,402.49,180,-0.52,57,0
Retinol Night Cream,55,3597,46,261.41,13,0.33,78,1
Vitamin C Serum,93,5116,102,74.46,10,0.68,48,0
iPhone 16 Pro,88,509,113,337.22,80,0.1,91,1
Skincare Set,85,6252,55,312.13,187,-0.69,51,0
Kindle Paperwhite,88,6795,89,372.42,198,0.46,44,0
Fitbit Versa 4,99,5315,131,89.09,44,0.2,42,0
Electric Toothbrush,62,1572,25,101.51,17,0.46,50,0
iPhone 16 Pro,82,3725,48,445.75,161,0.54,96,1
Bose QuietComfort Ultra,51,1816,143,376.24,45,0.95,69,0
Apple Watch Series 10,50,6199,107,454.57,187,0.15,43,0
Electric Toothbrush,99,7307,72,380.56,132,-0.32,44,0
Sony WH-1000XM5,99,7174,133,300.59,52,0.3,40,0
Smart Speaker,33,4183,96,328.8,36,-0.86,66,0
LED Face Mask,91,7727,28,445.12,41,0.79,67,0
Apple Watch Series 10,91,3773,129,291.51,87,-0.76,68,0
PlayStation 5,53,7500,145,318.03,130,-0.34,57,0
PlayStation 5,84,645,115,82.46,155,0.63,51,0
iPhone 16 Pro,38,5510,102,239.59,165,0.19,52,0
Luxury Perfume,32,3540,143,359.62,166,-0.21,80,0
Dyson Airwrap,60,982,21,139.12,25,-0.05,41,0
GoPro Hero 12,69,3679,103,105.12,108,0.71,76,1
Kindle Paperwhite,65,1749,86,160.34,56,-0.32,84,0
Foundation Serum,53,1130,108,124.54,196,0.74,55,0
Fitbit Versa 4,35,9353,23,111.38,40,-0.82,87,0
Wireless Charger,95,3352,89,215.3,13,0.55,63,0
Kindle Paperwhite,33,1487,12,454.38,174,0.7,74,1
Fitbit Versa 4,35,8122,32,255.99,26,-0.64,61,0
Apple Watch Series 10,80,7827,9,98.02,48,-0.14,75,0
Bose QuietComfort Ultra,91,9341,149,43.1,57,-0.67,50,0
Galaxy S24 Ultra,86,9660,105,349.6,183,0.41,94,1
iPhone 16 Pro,95,1600,122,194.49,185,0.07,97,1
Hair Growth Oil,37,7152,68,411.81,48,0.27,85,1
Portable Projector,55,9132,95,331.46,141,-0.61,68,0
Portable Projector,80,7921,121,399.14,39,-0.58,74,0
Fitness Tracker,74,5516,102,139.61,167,-0.92,87,0
Electric Toothbrush,73,1269,15,347.72,31,-0.36,93,0
Dyson Airwrap,34,1843,58,135.71,75,0.12,54,0
PlayStation 5,99,4858,51,469.84,117,0.72,99,1
Bose QuietComfort Ultra,55,7280,144,320.01,21,0.33,70,0
Apple Watch Series 10,97,7102,143,165.63,45,-0.13,81,0
Smart TV 55in,48,2849,9,138.41,27,0.91,80,1
Luxury Perfume,49,6199,24,99.51,99,0.44,82,1
PlayStation 5,41,1741,50,348.85,190,0.86,55,0
iPhone 16 Pro,76,1625,16,113.26,10,0.06,49,0
PlayStation 5,30,9882,74,299.68,136,-0.48,88,0
Dyson Airwrap,43,7264,21,135.99,195,-0.89,71,0
Retinol Night Cream,93,5601,119,332.67,99,0.45,90,1
Hyaluronic Acid Moisturizer,67,8343,52,408.4,96,-0.76,41,0
PlayStation 5,66,572,112,390.12,99,-0.39,63,0
iPhone 16 Pro,40,5972,56,381.62,143,0.06,62,0
Dyson Airwrap,32,5689,100,97.92,79,0.13,41,0
Foundation Serum,62,2972,74,48.75,53,0.2,77,1
Portable Projector,35,1207,106,350.98,161,-0.67,70,0
Hyaluronic Acid Moisturizer,79,2304,79,187.33,95,-0.24,90,0
Kindle Paperwhite,39,7204,147,219.01,28,0.23,79,1
Luxury Perfume,34,4213,86,20.42,110,0.94,65,0
Fitbit Versa 4,52,5551,96,133.49,155,0.46,68,0
Retinol Night Cream,39,2975,8,21.67,104,0.85,42,0
Retinol Night Cream,73,4110,139,440.2,110,0.52,97,1
Foundation Serum,31,4755,113,125.48,39,0.18,53,0
GoPro Hero 12,42,7897,52,280.88,179,-0.62,64,0
Wireless Charger,69,2235,77,24.29,42,0.33,87,1
Vitamin C Serum,31,8758,76,335.09,21,0.25,40,0
Smart Speaker,94,8479,120,164.9,127,0.2,92,1
Kindle Paperwhite,92,2928,85,449.47,103,-0.02,42,0
LED Face Mask,46,7926,85,444.62,164,0.06,93,1
Gaming Laptop,38,9033,117,166.02,176,-0.33,65,0
Mechanical Keyboard,44,5749,100,450.98,146,0.04,57,0
MacBook Air M3,53,5791,76,498.1,158,-0.6,48,0
Fitness Tracker,67,3317,67,413.58,85,0.61,77,1
Dyson Airwrap,64,9924,42,423.21,38,-0.63,62,0
Portable Projector,78,4374,71,128.26,170,-0.83,60,0
Kindle Paperwhite,98,4711,73,290.47,199,-0.13,96,0
Vitamin C Serum,91,1161,17,38.29,126,0.32,40,0
Retinol Night Cream,89,3874,35,51.98,24,-0.12,60,0
Sony WH-1000XM5,79,9708,118,499.45,11,-0.45,66,0
Mechanical Keyboard,38,707,26,166.69,189,0.12,81,1
MacBook Air M3,63,3165,97,375.35,126,-0.31,98,0
Vitamin C Serum,64,2993,71,404.3,181,0.87,45,0
Kindle Paperwhite,30,7313,58,429.72,191,0.85,94,1
Luxury Perfume,69,1132,142,498.83,27,0.0,83,0
Smart Speaker,93,3583,46,124.54,12,-0.34,75,0
Smart TV 55in,51,4219,68,24.97,144,0.47,67,0
Wireless Charger,89,7623,130,208.54,180,-0.93,84,0
Galaxy S24 Ultra,93,2179,25,69.39,175,-0.05,56,0
GoPro Hero 12,40,736,39,16.1,174,-0.33,98,0
Vitamin C Serum,43,7946,34,183.41,195,0.84,79,1
Fitness Tracker,89,4943,61,392.95,170,-0.98,97,0
Skincare Set,59,7270,51,285.26,117,0.11,91,1
Drone Pro X,64,6599,23,159.83,196,0.48,42,0
Nike Air Max,66,9055,118,328.9,104,-0.03,51,0
Wireless Charger,34,2868,12,119.85,131,-0.83,78,0
Wireless Charger,55,785,30,12.12,20,0.94,51,0
Bose QuietComfort Ultra,91,648,117,383.35,77,0.04,41,0
Bose QuietComfort Ultra,33,4537,75,313.75,132,0.23,95,1
Gaming Laptop,71,7049,34,382.34,122,-0.53,85,0
Fitness Tracker,47,7621,139,24.27,107,-0.03,61,0
Fitness Tracker,69,5395,71,419.37,102,-0.14,62,0
Sony WH-1000XM5,68,5780,69,311.67,31,-0.85,69,0
Foundation Serum,43,1512,40,283.88,181,-0.79,44,0
Portable Projector,61,3285,29,314.18,136,0.67,48,0
Wireless Charger,80,4225,41,432.89,143,-0.52,60,0
Skincare Set,67,5076,5,295.53,179,-0.61,50,0
Kindle Paperwhite,52,6282,147,292.57,34,0.01,44,0
Fitness Tracker,92,6757,41,495.39,194,0.54,74,1
iPhone 16 Pro,44,2908,145,379.58,94,-0.88,66,0
iPhone 16 Pro,54,840,140,223.94,64,0.15,88,1
Skincare Set,46,3317,137,355.16,153,-0.76,41,0
Luxury Perfume,95,2996,132,197.67,104,-0.93,63,0
Fitness Tracker,82,6462,131,118.29,151,-0.89,70,0
Skincare Set,80,5799,5,300.44,176,0.67,72,1
Gaming Laptop,68,8074,39,464.45,165,-0.76,78,0
Vitamin C Serum,80,2189,108,464.92,188,-0.91,69,0
Fitbit Versa 4,99,3767,27,174.24,128,-0.12,85,0
PlayStation 5,35,4906,13,266.2,186,0.69,76,1
Kindle Paperwhite,96,8953,38,109.76,18,-0.48,90,0
Nike Air Max,36,1942,132,497.84,195,-0.16,67,0
Apple Watch Series 10,80,9097,8,490.65,182,-0.92,99,0
Luxury Perfume,71,4937,106,326.51,159,-0.1,70,0
Fitbit Versa 4,93,5935,79,403.18,169,0.16,50,0
Fitness Tracker,44,8935,103,358.97,51,0.14,62,0
Dyson Airwrap,58,4607,76,298.61,62,-0.34,96,0
iPhone 16 Pro,62,1060,7,31.41,196,-0.37,41,0
Smart Speaker,56,9285,146,230.11,83,-0.79,79,0
GoPro Hero 12,65,6048,38,339.02,48,-0.27,80,0
Bose QuietComfort Ultra,58,2326,49,340.38,131,-0.8,66,0
Electric Toothbrush,67,8129,65,189.7,24,0.53,74,1
Retinol Night Cream,86,8825,87,471.14,166,0.93,41,0
Luxury Perfume,56,3638,127,87.84,132,0.94,78,1
Smart TV 55in,84,8193,106,252.68,120,0.73,76,1
Electric Toothbrush,62,8764,20,346.99,140,0.2,60,0
Fitbit Versa 4,97,8342,70,350.08,92,0.4,97,1
Gaming Laptop,95,7221,149,326.08,19,-0.43,44,0
LED Face Mask,39,7502,123,141.27,101,0.26,91,1
Fitness Tracker,34,4725,128,82.32,38,-0.09,84,0
LED Face Mask,67,3478,148,319.79,44,-0.04,60,0
Foundation Serum,42,7873,106,301.65,15,0.52,68,0
Gaming Laptop,60,6407,70,93.78,149,-0.44,59,0
Bose QuietComfort Ultra,76,6597,17,354.04,120,-0.36,77,0
Fitness Tracker,81,6156,115,230.31,47,0.85,59,0
Kindle Paperwhite,85,9484,38,335.54,86,-0.89,89,0
Galaxy S24 Ultra,44,4759,43,419.5,102,-0.03,64,0
PlayStation 5,58,8786,140,89.02,156,0.83,41,0
LED Face Mask,37,6401,124,14.48,76,0.22,96,1
Dyson Airwrap,34,9825,130,390.66,145,0.09,71,1
LED Face Mask,58,5417,59,306.8,17,-0.5,65,0
Electric Toothbrush,76,8929,31,351.32,131,-0.31,45,0
LED Face Mask,97,3030,122,419.89,93,0.7,80,1
Luxury Perfume,74,2460,57,402.39,184,0.12,96,1
LED Face Mask,31,7545,43,480.66,141,0.03,42,0
Galaxy S24 Ultra,56,1548,69,270.29,188,-0.8,72,0
Galaxy S24 Ultra,65,6272,149,246.81,94,-0.97,40,0
Wireless Charger,65,3029,17,203.93,54,0.93,90,1
Smart TV 55in,55,3464,25,81.08,145,-0.25,44,0
Portable Projector,72,7637,57,288.44,96,0.21,52,0
Dyson Airwrap,56,1463,23,142.12,25,-0.84,58,0
iPhone 16 Pro,98,1036,61,461.05,86,0.37,51,0
iPhone 16 Pro,49,7840,29,293.68,18,0.87,87,1
Smart Speaker,40,7679,35,298.46,69,0.15,64,0
Fitness Tracker,67,8467,85,180.69,87,-0.75,96,0
Galaxy S24 Ultra,35,9234,27,30.73,86,0.16,90,1
Drone Pro X,52,1345,36,20.71,80,0.53,74,1
Bose QuietComfort Ultra,76,6277,78,214.55,24,-0.19,51,0
Foundation Serum,75,3536,14,46.86,80,0.76,69,0
Nike Air Max,41,6447,58,305.39,111,0.3,44,0
Portable Projector,42,2994,56,441.08,178,0.8,73,1
MacBook Air M3,91,3219,118,442.04,31,0.25,61,0
Portable Projector,89,2384,18,331.23,161,-0.74,78,0
Sony WH-1000XM5,72,4849,114,109.56,122,-0.38,52,0
Electric Toothbrush,97,5679,57,432.18,181,-0.6,96,0
Luxury Perfume,34,7110,83,443.62,10,0.82,86,1
LED Face Mask,66,6930,26,102.34,19,0.52,93,1
Nike Air Max,60,7654,34,370.03,119,0.35,42,0
Electric Toothbrush,38,6988,8,146.83,193,-0.4,99,0
Dyson Airwrap,80,5237,63,402.31,122,-0.63,92,0
Gaming Laptop,58,7025,12,498.63,59,0.51,59,0
Galaxy S24 Ultra,69,4350,16,19.86,21,-0.05,70,0
Nike Air Max,70,1189,123,449.2,98,-0.55,44,0
Smart TV 55in,40,5675,38,313.2,197,0.23,63,0
Sony WH-1000XM5,52,9148,86,486.82,163,-0.92,79,0
Hair Growth Oil,30,5578,102,235.18,121,-0.35,93,0
Hair Growth Oil,75,5948,131,424.46,87,-0.06,72,0
iPhone 16 Pro,50,1679,79,35.89,178,-0.7,47,0
Fitbit Versa 4,65,9574,109,170.96,173,0.97,63,0
Wireless Charger,83,6906,53,38.17,130,-0.58,89,0
Luxury Perfume,86,9091,83,487.79,32,-0.74,59,0
Nike Air Max,30,7407,97,409.4,180,-0.59,99,0
Hair Growth Oil,92,9300,22,427.01,143,0.54,55,0
Mechanical Keyboard,83,2138,100,469.29,180,-0.15,89,0
PlayStation 5,84,6171,42,47.13,34,0.13,91,1
Gaming Laptop,69,7428,91,195.87,27,-0.96,51,0
Wireless Charger,44,1882,92,40.16,199,-0.93,52,0
Luxury Perfume,50,1903,54,109.34,150,-0.11,84,0
MacBook Air M3,76,9511,12,118.54,52,0.63,81,1
Smart Speaker,82,3792,138,237.21,87,0.77,78,1
Foundation Serum,38,9511,73,137.94,37,-0.83,64,0
PlayStation 5,81,919,125,54.98,155,0.08,85,1
Smart Speaker,86,5017,68,87.91,68,0.83,71,1
Gaming Laptop,55,3802,143,77.9,197,-0.22,63,0
Kindle Paperwhite,70,8357,125,486.67,72,0.66,87,1
Gaming Laptop,64,8370,69,380.85,194,-0.73,86,0
Fitbit Versa 4,92,6193,111,484.04,101,0.87,83,1
iPhone 16 Pro,54,1267,141,222.67,188,0.5,48,0
Apple Watch Series 10,67,2544,104,142.79,65,0.88,79,1
Kindle Paperwhite,31,2049,86,400.16,164,0.35,89,1
Wireless Earbuds,36,6640,147,166.5,169,-0.27,62,0
Apple Watch Series 10,63,4216,55,153.19,120,0.88,89,1
iPhone 16 Pro,46,4981,145,120.09,146,-0.45,52,0
Sony WH-1000XM5,72,8398,87,69.19,77,-0.34,99,0
Wireless Charger,88,7048,116,131.95,55,0.4,98,1
Skincare Set,80,2793,60,180.88,76,0.53,71,1
Skincare Set,83,5337,149,338.63,163,0.86,89,1
Wireless Earbuds,53,8258,64,35.97,145,-0.59,54,0
Portable Projector,54,7293,124,109.2,15,0.6,75,1
Fitness Tracker,81,8138,142,405.47,33,0.48,88,1
GoPro Hero 12,99,8493,27,77.73,185,-0.87,44,0
PlayStation 5,62,6507,17,174.61,103,-0.23,61,0
Kindle Paperwhite,78,6042,105,433.01,182,-0.43,55,0
Wireless Charger,58,9592,28,81.69,22,-0.39,80,0
Hair Growth Oil,92,6856,112,45.95,34,0.97,49,0
Foundation Serum,51,8933,15,244.85,157,0.29,63,0
Hair Growth Oil,55,7880,21,154.7,127,0.44,57,0
Skincare Set,57,2885,29,283.89,91,0.95,88,1
Gaming Laptop,78,4768,98,402.88,120,-0.25,57,0
Wireless Charger,78,1171,25,72.89,91,0.6,46,0
LED Face Mask,49,663,88,292.45,75,-0.13,43,0
Galaxy S24 Ultra,92,9156,144,255.23,54,0.74,65,0
iPhone 16 Pro,90,5092,41,76.32,123,-0.64,44,0
Hair Growth Oil,78,5295,46,313.88,184,0.9,99,1
Fitness Tracker,30,5298,149,140.45,72,-0.56,94,0
Bose QuietComfort Ultra,42,6536,105,246.48,85,-0.35,55,0
Dyson Airwrap,80,2855,52,45.72,123,0.51,74,1
Dyson Airwrap,85,6387,107,232.49,120,-0.21,65,0
Luxury Perfume,91,8461,32,156.7,192,0.22,57,0
Portable Projector,61,6327,45,412.08,156,-0.11,68,0
Fitbit Versa 4,59,9237,103,33.2,44,0.48,62,0
Fitbit Versa 4,58,5219,51,212.21,62,-0.54,92,0
PlayStation 5,78,1093,109,231.92,35,-0.88,53,0
Smart Speaker,74,5339,128,363.88,23,-0.4,54,0
Hair Growth Oil,59,7894,17,289.27,127,-0.05,88,0
Hair Growth Oil,45,3993,145,335.27,54,-0.66,72,0
PlayStation 5,69,6664,104,389.64,181,-0.29,64,0
Gaming Laptop,48,3172,35,431.79,60,-0.2,60,0
Electric Toothbrush,47,4700,134,160.37,180,-0.89,56,0
Smart TV 55in,30,516,20,271.32,128,0.17,62,0
Electric Toothbrush,76,3691,141,420.85,160,0.77,96,1
iPhone 16 Pro,95,892,77,494.78,193,-0.7,82,0
Electric Toothbrush,67,9116,58,445.31,28,0.2,56,0
Gaming Laptop,80,6772,104,188.88,91,0.33,97,1
Sony WH-1000XM5,92,1071,113,101.61,85,-0.16,53,0
LED Face Mask,33,4131,91,247.25,192,0.4,68,0
Apple Watch Series 10,30,6672,141,372.11,101,-0.18,59,0
MacBook Air M3,37,9812,12,248.82,197,0.01,69,0
Nike Air Max,58,7677,11,244.17,196,-0.99,58,0
Apple Watch Series 10,84,8933,40,419.92,42,0.38,92,1
Gaming Laptop,32,4397,22,183.89,156,0.32,78,1
Fitness Tracker,61,8623,7,430.6,37,-0.92,95,0
PlayStation 5,39,2779,32,206.37,132,-0.26,52,0
Hair Growth Oil,63,9480,74,167.48,189,0.96,57,0
Fitness Tracker,84,7951,32,229.73,135,-0.16,62,0
Skincare Set,61,9406,58,382.41,186,0.0,85,0
PlayStation 5,79,1275,69,67.37,46,0.82,72,1
Skincare Set,36,7369,104,102.23,163,0.43,78,1
Mechanical Keyboard,37,2747,25,475.97,108,0.16,79,1
Wireless Earbuds,94,7588,17,91.87,107,0.6,57,0
Hyaluronic Acid Moisturizer,86,578,61,286.03,136,0.73,48,0
Wireless Earbuds,96,8580,53,291.76,177,-0.09,72,0
Galaxy S24 Ultra,88,7599,122,247.36,89,-0.05,71,0
Smart TV 55in,83,4426,58,324.15,47,-0.23,93,0
PlayStation 5,96,9547,142,118.76,86,0.93,56,0
Hair Growth Oil,80,7840,57,278.57,135,0.39,58,0
Mechanical Keyboard,37,7583,48,189.23,96,-0.83,66,0
Fitbit Versa 4,63,6730,51,332.53,63,0.73,45,0
MacBook Air M3,64,9723,57,74.91,159,-0.04,74,0
iPhone 16 Pro,61,5440,78,287.58,25,-0.86,95,0
MacBook Air M3,75,3771,50,96.71,37,0.1,76,1
iPhone 16 Pro,45,3956,17,142.93,172,-0.17,73,0
Hyaluronic Acid Moisturizer,97,8288,106,113.26,197,0.76,59,0
Drone Pro X,66,9099,28,95.5,182,-0.59,64,0
Hair Growth Oil,83,8150,6,413.73,55,0.65,43,0
Gaming Laptop,43,3211,85,146.43,81,0.12,49,0
Electric Toothbrush,84,2168,104,463.93,192,-0.89,49,0
Apple Watch Series 10,77,647,146,485.11,94,0.94,63,0
Kindle Paperwhite,36,6920,142,287.77,35,0.03,60,0
PlayStation 5,36,865,135,75.79,94,-0.42,50,0
LED Face Mask,62,5031,115,190.4,162,-0.06,66,0
iPhone 16 Pro,52,5830,106,399.88,74,0.72,55,0
Hair Growth Oil,48,6010,21,186.86,143,-0.39,65,0
Bose QuietComfort Ultra,48,9254,16,48.07,160,-0.61,69,0
Luxury Perfume,65,9464,120,280.61,124,-0.74,88,0
Smart Speaker,58,6993,28,423.33,73,-0.4,55,0
Smart TV 55in,89,5939,33,398.98,96,0.56,46,0
Portable Projector,31,7011,126,91.69,180,-0.06,55,0
Smart TV 55in,30,8004,94,338.02,116,-0.55,74,0
Hyaluronic Acid Moisturizer,76,1746,69,114.15,160,-0.67,97,0
Fitness Tracker,98,4339,88,113.01,105,-0.33,55,0
Nike Air Max,49,9051,123,437.67,167,0.88,79,1
Nike Air Max,40,2876,20,128.59,86,-0.31,51,0
Vitamin C Serum,31,3509,108,135.31,155,0.98,74,1
Smart Speaker,96,9654,96,5.32,96,-0.03,88,0
Smart TV 55in,41,2327,31,435.98,158,-0.64,60,0
Apple Watch Series 10,49,7479,138,397.33,66,0.78,89,1
Luxury Perfume,34,9069,139,315.53,112,-0.08,82,0
Luxury Perfume,66,4785,37,376.38,160,0.42,75,1
Galaxy S24 Ultra,67,7410,59,80.26,100,0.97,87,1
Drone Pro X,38,9061,11,231.87,54,-0.9,56,0
Fitness Tracker,82,2696,61,178.85,181,-0.81,71,0
iPhone 16 Pro,73,4247,130,51.42,97,0.44,80,1
Wireless Charger,53,9343,16,245.63,124,-0.44,45,0
Retinol Night Cream,59,6478,20,460.77,56,-0.63,63,0
iPhone 16 Pro,88,6107,47,24.83,177,-0.92,66,0
Dyson Airwrap,43,1269,121,149.27,188,-0.96,59,0
Wireless Charger,38,1280,139,107.73,179,0.55,64,0
Mechanical Keyboard,69,6803,115,122.88,144,-0.73,41,0
Hair Growth Oil,95,4483,55,454.68,59,-0.06,48,0
Smart Speaker,54,9214,79,236.69,185,0.21,67,0
MacBook Air M3,51,1021,12,235.82,93,-0.14,92,0
PlayStation 5,33,9627,49,381.48,100,-0.95,77,0
LED Face Mask,55,8069,63,81.47,143,0.57,42,0
LED Face Mask,87,6284,136,246.2,100,-0.98,59,0
Bose QuietComfort Ultra,58,5083,108,217.84,146,0.52,45,0
Wireless Charger,66,6446,102,300.47,118,0.79,78,1
Fitness Tracker,99,5441,83,499.78,66,-0.13,72,0
Mechanical Keyboard,47,6767,128,385.88,40,0.07,94,1
Hyaluronic Acid Moisturizer,71,7628,8,201.94,30,-0.05,40,0
Drone Pro X,70,2961,94,414.64,99,-0.22,76,0
Nike Air Max,67,1185,108,89.5,49,0.77,45,0
PlayStation 5,63,2660,141,20.08,121,0.79,84,1
Wireless Charger,46,7531,123,106.2,54,-0.33,73,0
Fitbit Versa 4,66,5841,137,173.5,86,0.23,86,1
Dyson Airwrap,54,538,60,257.74,186,0.85,54,0
Electric Toothbrush,56,5375,100,309.49,96,0.92,84,1
Mechanical Keyboard,86,1756,79,455.75,157,0.02,65,0
LED Face Mask,60,8197,147,257.38,110,-0.09,96,0
Hyaluronic Acid Moisturizer,35,2696,36,253.13,126,-0.44,53,0
Drone Pro X,69,7665,32,29.87,101,0.92,97,1
PlayStation 5,41,801,26,22.28,154,-0.71,93,0
Wireless Charger,82,8027,21,277.82,37,0.16,46,0
iPhone 16 Pro,39,6881,63,221.9,178,-0.43,85,0
Gaming Laptop,74,1146,94,420.39,34,-0.44,97,0
Mechanical Keyboard,46,9289,110,84.54,67,-0.19,70,0
Drone Pro X,55,9353,30,17.36,50,1.0,63,0
Portable Projector,91,4830,29,227.27,143,-0.89,98,0
iPhone 16 Pro,75,7503,142,122.55,84,0.16,70,0
PlayStation 5,93,4037,49,29.56,47,-0.83,68,0
Wireless Earbuds,31,5058,87,363.68,143,-0.69,81,0
Skincare Set,83,7079,15,60.24,182,-0.12,71,0
GoPro Hero 12,94,8974,108,306.12,84,0.02,56,0
Smart TV 55in,80,4582,72,144.12,151,-0.48,53,0
Foundation Serum,82,4683,99,90.88,75,-0.37,79,0
PlayStation 5,65,9152,69,192.98,177,-0.83,75,0
Apple Watch Series 10,55,4254,53,401.72,12,-0.39,97,0
Hyaluronic Acid Moisturizer,58,2224,56,199.09,126,0.93,87,1
Electric Toothbrush,50,1876,106,376.63,108,0.89,63,0
Wireless Earbuds,40,9206,61,67.12,161,-0.33,84,0
Retinol Night Cream,69,9394,51,387.52,28,0.14,93,1
Smart TV 55in,40,2153,30,122.28,155,0.82,66,0
Portable Projector,65,2566,118,340.31,125,-0.99,64,0
Galaxy S24 Ultra,88,522,9,285.06,134,0.62,98,1
Luxury Perfume,68,2960,88,464.93,97,0.9,71,1
GoPro Hero 12,83,6426,56,196.72,44,-0.82,91,0
Galaxy S24 Ultra,84,6751,109,37.75,199,-0.68,57,0
Foundation Serum,53,9996,58,14.48,10,0.92,85,1
LED Face Mask,51,7795,19,414.29,162,0.08,57,0
Apple Watch Series 10,98,3800,65,264.74,182,-0.97,76,0
iPhone 16 Pro,85,6779,126,388.75,186,-0.48,65,0
Fitbit Versa 4,62,9053,25,121.04,135,-0.1,48,0
Sony WH-1000XM5,65,7853,50,175.82,98,0.39,99,1
Smart TV 55in,49,4227,138,19.9,153,0.47,74,1
Hair Growth Oil,91,6772,42,480.94,156,0.99,47,0
Kindle Paperwhite,55,6495,66,335.59,160,-0.42,59,0
Mechanical Keyboard,95,9976,90,466.94,34,0.08,93,1
GoPro Hero 12,69,1014,82,136.42,25,0.07,81,1
Portable Projector,46,948,50,307.67,191,-0.19,61,0
Foundation Serum,30,6519,145,340.86,82,-0.66,58,0
PlayStation 5,90,5843,7,162.19,138,0.95,69,0
Wireless Earbuds,72,8533,10,424.81,51,0.71,92,1
Skincare Set,71,3020,97,473.84,156,-0.0,67,0
Electric Toothbrush,54,3581,12,443.0,171,0.21,74,1
Vitamin C Serum,68,1928,112,370.84,89,-0.55,82,0
Wireless Charger,64,4467,79,142.35,113,0.09,50,0
Foundation Serum,32,6945,81,144.4,192,0.39,70,0
Kindle Paperwhite,73,9614,54,481.86,155,0.03,88,1
Skincare Set,80,2659,15,10.09,43,0.98,87,1
MacBook Air M3,41,5632,99,359.44,98,0.22,78,1
Vitamin C Serum,48,3047,74,354.59,134,-0.26,75,0
Gaming Laptop,73,3479,20,313.23,54,0.54,69,0
iPhone 16 Pro,88,3149,72,495.1,143,-0.66,62,0
Apple Watch Series 10,78,9005,103,159.38,30,-0.23,58,0
Hyaluronic Acid Moisturizer,90,3583,52,173.29,131,-0.31,51,0
Hair Growth Oil,46,1537,68,44.08,79,-0.14,54,0
Hyaluronic Acid Moisturizer,86,3989,94,224.19,105,0.56,70,0
Bose QuietComfort Ultra,84,8104,80,134.22,114,-0.03,82,0
Smart Speaker,76,8044,143,174.98,57,0.59,76,1
Portable Projector,41,3134,105,418.11,48,0.15,76,1
Retinol Night Cream,91,4483,93,468.06,40,-0.32,54,0
Wireless Charger,37,2278,22,96.94,19,0.62,68,0
Galaxy S24 Ultra,50,8402,23,189.39,39,-0.52,89,0
Galaxy S24 Ultra,99,5610,59,464.67,27,-0.55,82,0
Portable Projector,54,5689,106,35.6,197,0.01,65,0
Smart TV 55in,41,7878,122,50.72,97,-0.48,83,0
Smart Speaker,44,1624,138,85.58,134,-0.98,41,0
Skincare Set,88,1197,8,299.63,82,0.3,59,0
Foundation Serum,55,2679,112,79.48,24,0.02,54,0
Fitness Tracker,55,5751,119,484.2,13,-0.11,91,0
Mechanical Keyboard,76,9735,33,226.12,177,0.93,43,0
Smart TV 55in,61,2429,63,253.25,18,0.14,61,0
Foundation Serum,39,1513,129,127.1,118,0.73,89,1
Foundation Serum,45,726,102,238.13,146,-0.72,77,0
Smart TV 55in,46,7821,21,332.65,163,0.14,62,0
LED Face Mask,52,2328,111,376.83,141,0.74,98,1
Gaming Laptop,55,8409,47,378.16,25,0.17,65,0
GoPro Hero 12,36,6088,84,291.06,152,0.44,90,1
Nike Air Max,43,2523,12,452.66,108,-0.26,50,0
Retinol Night Cream,36,5466,145,409.62,130,-0.82,67,0
Smart TV 55in,38,6391,110,379.74,61,-0.08,95,0
Sony WH-1000XM5,77,1580,12,32.52,78,-0.21,41,0
Wireless Charger,88,5536,100,8.4,14,0.73,98,1
Dyson Airwrap,68,3063,98,110.16,29,-0.51,47,0
iPhone 16 Pro,47,3792,69,333.44,88,0.93,68,0
Apple Watch Series 10,88,4086,43,208.54,155,0.92,50,0
Drone Pro X,46,4931,85,204.19,120,-0.5,76,0
Wireless Charger,43,7341,88,442.87,11,-0.3,57,0
Bose QuietComfort Ultra,60,7143,92,448.3,102,0.79,94,1
Bose QuietComfort Ultra,53,4459,90,455.04,22,0.93,89,1
Dyson Airwrap,89,661,97,160.37,13,-0.11,53,0
Kindle Paperwhite,74,1093,90,347.07,179,-0.36,93,0
MacBook Air M3,32,3890,48,139.46,118,0.05,49,0
Nike Air Max,66,6497,141,99.35,83,0.38,74,1
Vitamin C Serum,72,6854,78,96.39,198,-0.45,48,0
Gaming Laptop,69,1163,40,174.34,104,0.47,74,1
Fitness Tracker,84,9824,105,217.83,114,-0.9,50,0
Retinol Night Cream,68,1041,108,416.32,17,-0.9,83,0
PlayStation 5,44,5933,70,64.35,76,-0.23,51,0
Portable Projector,33,5593,59,368.79,119,-0.29,42,0
Apple Watch Series 10,54,1367,95,268.07,18,-0.37,92,0
Gaming Laptop,42,9123,26,147.53,126,-0.02,78,0
Hair Growth Oil,62,5969,105,248.95,20,-0.36,53,0
Vitamin C Serum,45,6756,125,153.47,108,-0.62,95,0
Wireless Earbuds,71,9898,97,300.06,51,-0.38,67,0
Wireless Charger,95,1669,112,219.75,150,0.95,50,0
GoPro Hero 12,84,1330,145,86.38,173,-0.18,78,0
Fitness Tracker,71,2151,14,62.71,129,-0.11,64,0
Smart Speaker,63,1636,13,275.61,150,0.15,60,0
LED Face Mask,59,3310,38,451.69,21,0.97,49,0
Electric Toothbrush,42,9167,133,175.26,46,-0.52,82,0
Smart Speaker,42,1519,93,367.84,83,0.36,54,0
Wireless Charger,47,5737,97,331.04,82,0.43,58,0
Foundation Serum,61,1783,75,466.12,61,0.21,87,1
Portable Projector,68,1159,71,411.39,139,-0.82,61,0
Foundation Serum,75,2510,121,285.47,65,0.35,60,0
Dyson Airwrap,58,9090,98,330.23,69,-0.87,99,0
Foundation Serum,91,2233,103,449.7,32,0.19,91,1
Drone Pro X,91,2625,117,202.76,112,0.48,83,1
Fitness Tracker,86,2671,107,166.76,49,-0.58,71,0
Portable Projector,45,8766,95,10.35,73,0.68,89,1
Fitbit Versa 4,85,3971,94,414.14,94,-0.94,62,0
Bose QuietComfort Ultra,39,9528,21,401.49,160,0.69,52,0
Drone Pro X,59,6124,22,56.7,166,-0.08,44,0
iPhone 16 Pro,54,9191,120,290.54,188,-0.56,43,0
Foundation Serum,34,8829,97,234.67,98,-0.73,67,0
Foundation Serum,94,2597,95,63.76,40,0.91,53,0
iPhone 16 Pro,78,5568,86,490.38,187,-0.85,47,0
Retinol Night Cream,32,6897,72,111.27,29,-0.6,48,0
Galaxy S24 Ultra,74,3257,118,38.28,192,-0.3,96,0
Fitness Tracker,43,4420,5,299.45,139,0.24,90,1
Smart TV 55in,59,8686,62,370.74,162,0.09,74,1
Hair Growth Oil,97,2400,113,21.06,22,-0.75,76,0
Skincare Set,47,3110,120,331.07,131,-0.42,60,0
Apple Watch Series 10,91,7400,91,268.48,112,-0.52,97,0
Vitamin C Serum,66,1949,14,56.12,115,-0.57,57,0
Drone Pro X,54,9238,63,90.4,128,-0.18,72,0
iPhone 16 Pro,77,5517,45,286.15,79,0.41,47,0
Hair Growth Oil,94,8499,109,151.7,195,-0.57,90,0
Mechanical Keyboard,82,6552,137,469.47,108,-0.27,88,0
Kindle Paperwhite,44,2596,126,410.28,91,-0.22,56,0
Dyson Airwrap,78,9395,149,491.87,84,0.95,82,1
Smart TV 55in,97,6904,26,133.54,127,0.91,70,0
Mechanical Keyboard,41,3831,102,485.01,93,0.6,73,1
Portable Projector,88,7962,72,218.46,78,-0.52,45,0
PlayStation 5,66,5605,143,177.02,68,-0.86,61,0
Bose QuietComfort Ultra,90,3478,60,29.92,197,-0.37,53,0
Foundation Serum,72,3339,103,31.12,135,-0.47,42,0
Hair Growth Oil,99,3884,80,347.55,120,0.01,51,0
Smart Speaker,68,1185,30,231.67,71,0.56,75,1
Dyson Airwrap,85,8031,119,117.13,153,0.72,51,0
Smart TV 55in,92,4783,113,308.92,137,0.69,84,1
Skincare Set,75,8236,51,130.16,114,-0.28,41,0
Mechanical Keyboard,40,8210,75,290.93,77,0.37,41,0
Hyaluronic Acid Moisturizer,91,2119,44,182.81,24,-0.37,54,0
Wireless Charger,54,7368,137,412.66,192,-0.88,62,0
Dyson Airwrap,81,1931,136,411.24,44,0.4,68,0
Retinol Night Cream,33,9567,27,241.29,192,-0.98,56,0
LED Face Mask,88,5213,110,178.66,23,-0.18,71,0
Fitness Tracker,49,9935,88,184.47,186,-0.34,46,0
Hyaluronic Acid Moisturizer,92,5498,147,403.83,111,0.39,69,0
Fitness Tracker,83,662,120,167.45,109,0.53,67,0
Gaming Laptop,86,2474,113,108.48,16,-0.39,53,0
Dyson Airwrap,70,3791,140,46.92,39,0.62,83,1
Bose QuietComfort Ultra,32,8961,45,236.01,58,-0.41,69,0
Hair Growth Oil,35,1131,116,243.66,153,-0.11,56,0
Foundation Serum,34,1405,116,421.25,120,0.45,71,1
Foundation Serum,34,2514,107,114.51,188,0.39,85,1
Hair Growth Oil,83,8396,50,193.59,81,0.97,45,0
Drone Pro X,76,704,72,405.16,89,-0.55,90,0
Kindle Paperwhite,78,1081,126,412.69,92,0.32,63,0
MacBook Air M3,38,6175,19,195.38,51,0.22,45,0
iPhone 16 Pro,49,9532,133,232.27,26,0.83,66,0
Fitness Tracker,90,5847,115,155.13,182,-0.69,57,0
Fitness Tracker,64,3143,28,466.61,16,0.5,63,0
Dyson Airwrap,79,8517,31,63.73,164,0.14,76,1
Portable Projector,91,2797,44,467.21,19,-0.45,95,0
Foundation Serum,46,1374,28,343.51,43,-0.05,63,0
GoPro Hero 12,32,6060,28,268.13,45,-0.33,77,0
Smart TV 55in,61,1189,8,21.17,162,0.16,73,1
Dyson Airwrap,42,4500,71,240.42,15,0.78,79,1
MacBook Air M3,97,1171,38,206.84,161,0.14,86,1
Galaxy S24 Ultra,43,8427,120,84.8,155,0.26,54,0
Gaming Laptop,40,1671,27,329.92,143,0.04,50,0
GoPro Hero 12,85,6091,113,485.72,38,-0.9,61,0
Foundation Serum,96,9635,73,283.28,135,-0.53,93,0
Smart Speaker,58,6842,99,358.8,162,-0.02,63,0
Foundation Serum,38,1949,66,38.88,192,-0.38,40,0
iPhone 16 Pro,96,3039,61,211.75,90,-0.64,57,0
Electric Toothbrush,54,4459,58,62.6,183,0.01,83,1
Dyson Airwrap,71,6785,74,308.33,161,-0.35,51,0
Vitamin C Serum,38,5932,105,469.55,84,-0.48,96,0
MacBook Air M3,69,4760,61,332.58,35,-0.07,82,0
Hair Growth Oil,54,2861,142,43.02,136,-0.73,67,0
Electric Toothbrush,34,6664,139,180.56,124,0.86,79,1
Hair Growth Oil,40,4170,107,277.58,135,0.74,99,1
Portable Projector,88,2253,89,204.59,37,0.42,46,0
Galaxy S24 Ultra,67,8600,65,417.65,140,-0.79,62,0
LED Face Mask,34,2438,7,408.26,84,0.55,60,0
Wireless Charger,77,9062,132,307.86,175,0.62,73,1
Luxury Perfume,47,6476,90,189.86,198,0.54,50,0
Gaming Laptop,99,7088,51,131.39,87,-0.77,61,0
Electric Toothbrush,66,9116,80,57.41,188,0.29,81,1
Bose QuietComfort Ultra,89,6804,42,180.67,99,0.67,74,1
Wireless Earbuds,77,7845,145,209.52,185,0.15,91,1
PlayStation 5,57,8375,91,339.53,30,0.29,68,0
Wireless Charger,98,9586,62,330.79,63,-0.08,81,0
iPhone 16 Pro,69,7133,54,39.7,193,0.06,67,0
iPhone 16 Pro,74,1097,34,200.65,112,-0.93,98,0
Mechanical Keyboard,91,3562,105,94.98,68,0.28,57,0
Smart Speaker,87,2836,29,82.62,81,-0.84,53,0
Sony WH-1000XM5,96,1072,116,414.51,188,-0.13,57,0
Dyson Airwrap,85,8021,130,25.75,29,-0.41,67,0
Bose QuietComfort Ultra,69,6671,127,212.5,121,0.09,63,0
PlayStation 5,69,7597,51,88.26,68,-0.73,47,0
iPhone 16 Pro,62,2590,122,440.27,80,0.38,81,1
iPhone 16 Pro,35,7066,43,280.74,146,0.59,93,1
Apple Watch Series 10,48,5124,20,119.53,118,-0.67,84,0
GoPro Hero 12,69,2133,26,253.7,138,-0.79,92,0
Sony WH-1000XM5,88,2017,58,367.09,166,-0.71,47,0
Bose QuietComfort Ultra,88,4148,20,479.27,65,0.75,43,0
Mechanical Keyboard,77,2037,63,114.12,44,0.06,66,0
Vitamin C Serum,70,3637,35,443.66,132,-0.07,75,0
Bose QuietComfort Ultra,42,7485,36,467.48,140,-0.79,44,0
Hyaluronic Acid Moisturizer,74,597,13,458.63,113,0.3,72,1
Galaxy S24 Ultra,82,4250,143,319.53,16,0.74,88,1
Mechanical Keyboard,71,9035,14,316.76,36,0.66,73,1
Smart Speaker,92,8674,21,204.59,10,0.25,69,0
Wireless Earbuds,56,8603,72,377.44,181,-0.85,47,0
PlayStation 5,67,5913,52,267.99,96,-0.78,78,0
Portable Projector,89,5166,115,340.33,50,-0.9,86,0
LED Face Mask,36,1110,127,217.09,132,-0.49,65,0
Foundation Serum,34,2227,105,367.09,84,-0.73,96,0
Apple Watch Series 10,74,2354,106,413.11,51,-0.48,76,0
Mechanical Keyboard,87,5555,69,77.49,126,-0.23,73,0
Foundation Serum,60,2824,55,417.3,170,0.89,46,0
GoPro Hero 12,52,9869,40,272.45,187,0.22,79,1
Foundation Serum,71,9783,85,423.11,72,0.67,67,0
Fitness Tracker,39,6274,131,218.49,174,0.42,78,1
Galaxy S24 Ultra,61,7019,92,192.63,196,-0.77,78,0
Smart Speaker,82,2249,108,457.96,136,0.47,67,0
Fitbit Versa 4,59,1281,19,129.33,185,-0.45,53,0
Kindle Paperwhite,68,8048,100,422.89,142,0.28,92,1
MacBook Air M3,60,7323,127,244.59,57,-0.32,89,0
Foundation Serum,31,2605,5,259.48,12,1.0,77,1
Drone Pro X,41,4367,126,157.69,125,-0.47,43,0
Wireless Earbuds,68,7693,130,288.66,184,-0.44,81,0
Vitamin C Serum,95,5476,61,165.98,199,0.86,57,0
Sony WH-1000XM5,42,2613,85,24.44,108,-0.95,83,0
Mechanical Keyboard,75,6379,77,139.64,125,0.39,87,1
Electric Toothbrush,56,4470,145,8.16,23,0.45,64,0
MacBook Air M3,46,9759,74,489.29,121,0.67,46,0
Skincare Set,89,7764,10,483.04,70,0.95,77,1
Drone Pro X,93,2077,88,200.6,168,0.95,67,0
Mechanical Keyboard,64,9703,56,365.54,104,-0.87,44,0
Skincare Set,99,2774,7,176.17,26,0.64,42,0
MacBook Air M3,59,5369,85,337.19,133,0.29,83,1
GoPro Hero 12,92,7244,67,403.69,33,0.29,70,0
Dyson Airwrap,57,2926,53,473.64,125,-0.74,86,0
Fitbit Versa 4,89,6046,80,203.11,160,0.3,81,1
Electric Toothbrush,66,7352,116,392.73,91,0.96,97,1
PlayStation 5,51,3051,113,136.63,59,0.82,59,0
LED Face Mask,97,6911,69,495.21,88,-0.12,58,0
PlayStation 5,49,507,85,17.76,88,-0.92,87,0
Hair Growth Oil,97,8587,19,303.75,79,-0.28,99,0
MacBook Air M3,93,3055,104,331.46,36,0.65,50,0
Wireless Earbuds,46,975,36,345.58,24,0.4,79,1
LED Face Mask,41,5916,100,64.59,59,-0.08,42,0
Kindle Paperwhite,51,9176,132,469.57,45,-0.89,62,0
Electric Toothbrush,46,7739,117,94.69,17,-0.15,46,0
Portable Projector,39,7210,87,313.26,88,-0.06,62,0
Fitness Tracker,94,5500,47,115.22,140,0.86,46,0
Dyson Airwrap,51,5154,120,157.07,199,0.28,85,1
Bose QuietComfort Ultra,79,8578,82,275.5,56,-0.38,73,0
LED Face Mask,43,6563,62,211.51,114,0.05,81,1
Portable Projector,93,2785,37,84.31,107,-0.87,58,0
Vitamin C Serum,76,5723,18,89.61,105,0.95,97,1
Portable Projector,58,7471,136,211.98,198,-0.28,48,0
Skincare Set,65,4025,63,379.86,169,-0.04,87,0
PlayStation 5,81,3322,87,449.49,125,-0.29,90,0
Fitbit Versa 4,36,5443,138,46.64,22,0.37,57,0
Fitness Tracker,58,7030,125,199.59,10,0.32,80,1
LED Face Mask,40,758,87,54.62,43,0.43,87,1
LED Face Mask,62,782,31,13.21,199,-0.46,84,0
Fitness Tracker,35,2398,84,332.55,88,-0.37,81,0
Gaming Laptop,61,4635,138,303.21,87,-0.75,64,0
Hair Growth Oil,80,7129,17,85.69,130,0.31,91,1
Skincare Set,87,3700,68,120.74,102,-0.92,53,0
Smart TV 55in,55,5610,84,16.74,107,0.2,83,1
Vitamin C Serum,75,7667,127,418.3,91,0.74,64,0
Luxury Perfume,58,1112,47,487.47,168,0.78,58,0
Smart Speaker,33,1187,93,72.05,162,-0.1,78,0
LED Face Mask,42,4190,99,119.58,47,-0.08,94,0
MacBook Air M3,68,9304,6,434.86,23,-0.85,54,0
Bose QuietComfort Ultra,44,2807,124,463.6,145,0.34,55,0
Mechanical Keyboard,58,7633,26,212.72,100,0.64,66,0
Fitbit Versa 4,58,7009,119,30.06,63,-0.51,79,0
Smart Speaker,61,6406,61,24.5,139,-0.16,49,0
Bose QuietComfort Ultra,31,3091,76,289.11,110,0.68,43,0
Fitbit Versa 4,76,7683,11,199.48,98,0.75,90,1
Kindle Paperwhite,51,5748,123,19.18,65,-0.51,58,0
Wireless Charger,56,9266,118,293.71,103,0.1,67,0
Hyaluronic Acid Moisturizer,96,5608,20,10.59,102,-0.62,60,0
Gaming Laptop,85,4104,87,394.75,93,-0.8,98,0
Smart Speaker,50,1169,76,156.68,94,0.82,86,1
Foundation Serum,76,4864,128,24.93,198,0.64,53,0
Retinol Night Cream,88,7829,117,296.23,31,0.52,72,1
Hair Growth Oil,35,1783,16,201.85,44,-0.9,87,0
Drone Pro X,48,1423,130,487.03,25,0.69,49,0
Dyson Airwrap,86,1625,57,274.38,59,-0.12,58,0
PlayStation 5,98,2029,79,141.24,131,-0.32,69,0
Bose QuietComfort Ultra,32,8938,137,356.17,137,0.09,61,0
Skincare Set,30,4211,31,139.39,122,-0.82,42,0
Gaming Laptop,87,8504,144,452.6,180,0.51,76,1
Luxury Perfume,67,6774,149,190.49,26,0.16,80,1
Drone Pro X,44,4364,138,277.18,89,-0.63,57,0
MacBook Air M3,63,8333,101,30.03,195,-0.62,50,0
Drone Pro X,90,7288,9,215.93,139,-0.63,87,0
Portable Projector,64,726,61,417.02,141,-0.89,41,0
Hair Growth Oil,93,764,82,403.8,94,0.18,51,0
Skincare Set,54,1145,73,116.04,176,0.68,93,1
Kindle Paperwhite,53,8044,122,116.91,103,-0.97,45,0
Vitamin C Serum,41,6069,124,409.57,143,-0.9,82,0
Drone Pro X,47,3490,63,465.55,90,0.15,98,1
GoPro Hero 12,44,3004,37,52.2,78,0.64,79,1
Foundation Serum,56,9846,66,227.78,78,-0.35,83,0
Kindle Paperwhite,89,1087,54,172.04,157,-0.3,68,0
Hyaluronic Acid Moisturizer,75,9677,116,435.99,25,0.19,98,1
Foundation Serum,46,4579,23,46.34,60,-0.45,69,0
Dyson Airwrap,82,3848,127,109.51,114,-0.95,41,0
PlayStation 5,37,6799,51,377.47,174,0.47,48,0
Portable Projector,56,4331,37,30.39,179,0.25,86,1
Mechanical Keyboard,75,9933,145,248.81,194,0.16,41,0
Sony WH-1000XM5,79,8881,88,223.84,75,0.48,68,0
Sony WH-1000XM5,32,9672,139,170.53,18,0.35,72,1
Wireless Earbuds,93,2215,83,200.31,116,-0.59,49,0
Retinol Night Cream,73,6950,18,267.32,109,-0.3,73,0
Bose QuietComfort Ultra,82,5933,132,84.88,95,-0.75,83,0
Fitbit Versa 4,53,1598,58,288.14,73,-0.74,94,0
GoPro Hero 12,89,7596,33,403.69,31,0.35,47,0
Foundation Serum,32,2826,28,381.28,171,0.72,76,1
Bose QuietComfort Ultra,49,9587,86,81.18,192,0.93,93,1
LED Face Mask,75,6916,67,78.88,166,0.26,99,1
Mechanical Keyboard,44,7480,109,137.75,175,-0.63,72,0
Nike Air Max,54,7263,61,183.73,119,-0.79,86,0
Kindle Paperwhite,46,2174,140,207.19,106,0.63,45,0
Hyaluronic Acid Moisturizer,38,8450,66,341.45,27,0.16,83,1
Vitamin C Serum,67,9622,21,33.06,80,0.24,79,1
Apple Watch Series 10,77,9415,70,22.16,136,0.56,84,1
GoPro Hero 12,89,6549,10,199.0,106,0.41,58,0
Fitbit Versa 4,92,1589,62,350.1,10,0.67,71,1
Wireless Earbuds,31,5078,73,100.75,141,-0.89,66,0
Luxury Perfume,40,9627,66,322.54,13,0.5,40,0
Foundation Serum,93,655,86,133.61,134,0.7,82,1
Galaxy S24 Ultra,50,9762,75,443.61,91,-0.43,91,0
Dyson Airwrap,47,2458,135,448.37,36,0.28,72,1
Mechanical Keyboard,93,6844,14,152.16,180,-0.37,79,0
Dyson Airwrap,67,6279,102,118.85,68,0.92,71,1
Nike Air Max,61,6644,93,208.6,41,-0.93,44,0
Smart Speaker,40,5563,39,124.06,170,0.16,56,0
Apple Watch Series 10,74,4330,6,337.83,37,-0.67,47,0
Hair Growth Oil,62,9546,128,413.9,115,0.42,96,1
Vitamin C Serum,70,9331,28,338.18,114,-0.65,81,0
iPhone 16 Pro,37,7159,78,413.05,192,-0.53,73,0
Smart TV 55in,40,941,26,201.51,197,-0.01,48,0
Gaming Laptop,80,6540,43,82.38,79,0.83,95,1
LED Face Mask,70,6425,24,370.29,71,-0.58,62,0
Kindle Paperwhite,46,7858,45,183.43,43,-0.71,74,0
Skincare Set,75,5128,112,337.28,96,0.52,89,1
Vitamin C Serum,61,6870,88,138.97,123,0.0,46,0
MacBook Air M3,83,1448,115,45.21,115,0.82,54,0
MacBook Air M3,49,8679,70,496.33,65,-0.71,92,0
Nike Air Max,62,6615,57,82.32,122,0.29,93,1
Wireless Charger,69,959,38,494.27,22,-0.53,59,0
Smart Speaker,61,8068,71,488.75,193,-0.69,89,0
Mechanical Keyboard,31,5146,138,397.94,27,0.37,64,0
Bose QuietComfort Ultra,62,892,31,331.41,191,0.19,42,0
Smart TV 55in,59,2287,14,291.01,122,0.51,99,1
Kindle Paperwhite,62,7874,77,433.72,180,-0.38,94,0
Luxury Perfume,55,1638,100,148.27,48,-0.1,85,0
GoPro Hero 12,51,5241,52,236.5,198,-0.19,63,0
Foundation Serum,95,7918,74,311.6,179,0.97,73,1
Smart Speaker,67,6862,104,208.54,88,-0.42,85,0
Kindle Paperwhite,75,2954,63,216.61,155,-0.41,61,0
Fitness Tracker,44,4174,6,168.49,160,-0.29,50,0
PlayStation 5,73,1877,69,284.29,191,0.13,87,1
Vitamin C Serum,78,7201,87,426.03,39,-0.5,47,0
Vitamin C Serum,90,3097,14,104.76,107,0.83,78,1
Wireless Earbuds,96,641,57,467.54,67,-0.47,82,0
Wireless Charger,35,3159,83,346.1,76,0.79,74,1
Fitness Tracker,38,5096,63,412.52,80,-0.79,88,0
Foundation Serum,35,9531,52,280.31,155,0.31,85,1
Gaming Laptop,61,6161,127,390.86,115,0.81,77,1
Wireless Charger,70,6642,26,13.02,16,-0.66,47,0
Apple Watch Series 10,37,6126,104,410.1,49,0.94,93,1
Mechanical Keyboard,79,9287,102,24.87,79,-0.09,76,0
Fitbit Versa 4,91,8972,29,445.51,77,0.89,66,0
Kindle Paperwhite,91,923,32,496.02,58,0.35,67,0
iPhone 16 Pro,36,7499,117,150.56,61,-0.4,79,0
PlayStation 5,33,4749,49,109.11,123,-0.62,73,0
Vitamin C Serum,35,2250,72,383.85,116,-0.39,71,0
Wireless Charger,87,5257,11,130.25,38,-0.81,54,0
Fitness Tracker,51,2467,53,433.45,158,-0.71,83,0
Skincare Set,55,4588,141,55.91,87,-0.79,56,0
Wireless Charger,32,4678,87,67.35,18,-0.15,72,0
LED Face Mask,70,8289,133,489.68,184,0.59,86,1
Skincare Set,89,3446,142,338.55,85,-0.72,85,0
Electric Toothbrush,43,5894,77,424.21,51,-0.74,91,0
iPhone 16 Pro,41,8380,50,165.54,188,0.29,93,1
Nike Air Max,41,5575,110,339.86,193,-0.61,55,0
Drone Pro X,42,7730,36,299.15,188,-0.8,68,0
Nike Air Max,54,2031,10,303.56,137,-0.67,48,0
Foundation Serum,74,3490,149,342.85,29,0.85,72,1
Bose QuietComfort Ultra,48,7655,78,289.8,164,0.64,99,1
Vitamin C Serum,84,4993,118,217.39,175,-0.29,88,0
Vitamin C Serum,74,9835,31,141.58,81,0.31,68,0
Mechanical Keyboard,37,1433,58,385.45,74,0.07,52,0
Retinol Night Cream,82,1960,89,117.0,191,0.35,60,0
Drone Pro X,84,3223,131,347.72,122,0.37,97,1
Hair Growth Oil,61,785,115,120.5,33,0.26,60,0
Smart TV 55in,80,764,19,314.54,137,-0.47,44,0
Drone Pro X,73,7316,136,374.8,184,-0.92,49,0
Sony WH-1000XM5,99,2262,97,113.26,92,-0.09,45,0
Wireless Charger,47,540,127,34.67,72,0.78,95,1
Dyson Airwrap,51,6327,77,69.83,194,0.14,90,1
MacBook Air M3,66,8759,96,304.97,192,0.66,96,1
PlayStation 5,85,1487,21,425.48,69,0.98,52,0
Smart Speaker,88,8304,47,27.27,108,-0.67,40,0
Gaming Laptop,32,8289,125,368.4,71,0.38,59,0
Skincare Set,57,6217,45,173.95,39,0.35,96,1
Wireless Earbuds,64,3698,43,241.87,31,0.96,86,1
Retinol Night Cream,90,5874,117,464.79,135,0.97,85,1
Fitbit Versa 4,83,5290,115,169.33,166,0.37,47,0
LED Face Mask,92,7683,51,235.34,178,-0.51,49,0
Hyaluronic Acid Moisturizer,36,3024,67,11.77,51,0.6,48,0
Retinol Night Cream,78,9777,114,45.39,107,-0.79,88,0
iPhone 16 Pro,60,2979,73,133.0,40,0.56,80,1
Drone Pro X,87,5654,47,18.79,167,0.82,42,0
Smart TV 55in,90,1278,38,317.53,121,-0.23,50,0
Smart TV 55in,53,1992,44,216.07,155,0.26,51,0
PlayStation 5,49,1160,65,276.33,131,-0.14,49,0
Hair Growth Oil,66,1848,66,91.45,26,-0.12,64,0
Portable Projector,33,9991,62,151.49,47,-0.38,88,0
Skincare Set,49,8351,79,333.59,151,0.52,88,1
Sony WH-1000XM5,89,7656,20,482.82,119,0.87,64,0
Bose QuietComfort Ultra,53,2544,86,29.96,193,0.88,50,0
GoPro Hero 12,79,7868,98,445.74,31,-0.65,93,0
Hair Growth Oil,78,4016,52,290.56,65,0.75,75,1
Apple Watch Series 10,80,9750,142,284.14,128,0.47,78,1
Nike Air Max,65,9668,86,252.64,156,-0.49,92,0
Bose QuietComfort Ultra,95,5077,42,39.35,66,-0.87,65,0
Electric Toothbrush,63,1227,131,49.49,181,-0.46,53,0
Wireless Charger,65,7968,23,302.45,44,0.82,78,1
Drone Pro X,35,842,67,173.77,123,0.27,95,1
Apple Watch Series 10,68,1947,81,459.05,134,0.44,79,1
Foundation Serum,71,7081,135,206.26,138,-0.49,40,0
Wireless Charger,87,6817,106,75.92,61,0.44,95,1
MacBook Air M3,41,1026,69,358.79,94,-0.94,93,0
Foundation Serum,32,7248,124,150.21,174,-0.25,43,0
Apple Watch Series 10,47,905,95,265.11,74,0.25,69,0
Foundation Serum,69,8486,12,350.43,188,-0.71,51,0
Wireless Charger,50,4240,77,450.63,138,0.65,95,1
Wireless Earbuds,44,2346,138,397.13,30,-0.53,74,0
Wireless Charger,55,1978,111,339.8,190,0.3,52,0
Wireless Charger,37,1271,93,341.42,25,-0.19,91,0
Dyson Airwrap,71,6025,43,473.23,132,0.19,70,0
Fitbit Versa 4,73,9270,117,151.43,70,-0.79,77,0
MacBook Air M3,43,693,32,5.55,63,-0.97,82,0
Luxury Perfume,31,2507,101,139.62,177,0.82,62,0
Smart TV 55in,66,1685,41,112.86,35,-0.46,43,0
LED Face Mask,98,2894,141,332.61,89,0.64,91,1
Fitbit Versa 4,67,9802,86,318.69,74,1.0,55,0
iPhone 16 Pro,70,4505,60,298.76,109,-0.58,46,0
Drone Pro X,91,7929,89,13.04,83,-0.47,61,0
Gaming Laptop,89,2761,6,365.75,180,0.33,68,0
Vitamin C Serum,43,4236,62,165.15,26,0.93,50,0
Wireless Charger,31,7216,111,334.2,130,0.83,95,1
Hair Growth Oil,99,5375,127,280.51,196,0.01,72,1
Mechanical Keyboard,46,9421,118,174.65,32,0.59,97,1
Vitamin C Serum,57,4878,111,71.62,144,-0.73,68,0
Hyaluronic Acid Moisturizer,95,8315,41,51.74,181,0.95,98,1
PlayStation 5,64,3951,83,416.6,190,0.93,78,1
Mechanical Keyboard,34,8116,96,459.61,80,-0.67,51,0
Nike Air Max,94,3300,22,326.65,117,-0.4,46,0
Wireless Earbuds,69,8833,102,56.2,88,-0.8,98,0
Smart Speaker,85,5910,67,204.0,171,-0.46,94,0
Dyson Airwrap,65,1955,143,365.82,55,0.63,78,1
Retinol Night Cream,74,7392,8,391.01,87,-0.24,81,0
Skincare Set,52,6308,139,63.52,25,-0.82,87,0
Galaxy S24 Ultra,76,7296,65,5.02,80,-0.32,65,0
GoPro Hero 12,60,5296,111,357.51,105,0.96,79,1
Electric Toothbrush,40,5593,58,181.52,156,0.26,48,0
Fitness Tracker,39,1825,92,130.97,11,-0.17,80,0
Wireless Earbuds,96,5476,72,11.38,19,-0.67,73,0
Luxury Perfume,43,9905,133,272.45,187,0.97,84,1
Vitamin C Serum,39,1659,59,426.32,134,0.64,52,0
Dyson Airwrap,30,5150,7,479.03,90,-0.44,94,0
Portable Projector,34,5487,125,285.04,149,-0.86,94,0
Electric Toothbrush,49,5197,133,259.66,79,-0.89,75,0
iPhone 16 Pro,37,840,106,47.1,159,-0.76,64,0
Smart TV 55in,72,4328,42,276.69,41,0.16,63,0
iPhone 16 Pro,30,2468,89,193.09,114,0.86,83,1
Wireless Earbuds,86,1203,137,305.53,93,-0.01,56,0
Retinol Night Cream,93,5982,96,197.42,138,0.69,41,0
LED Face Mask,57,6876,25,123.95,191,-0.11,52,0
Sony WH-1000XM5,66,2300,113,52.01,67,0.42,70,0
Drone Pro X,76,5963,51,160.88,155,0.46,68,0
Foundation Serum,66,5412,88,52.84,143,-0.65,89,0
Skincare Set,78,5148,87,92.56,54,-0.28,67,0
Smart TV 55in,73,1355,39,493.73,106,0.27,99,1
Luxury Perfume,85,3366,73,224.83,32,-0.86,66,0
Luxury Perfume,57,682,133,268.28,32,-0.28,54,0
LED Face Mask,35,3612,144,437.44,163,0.07,70,0
Vitamin C Serum,90,6170,31,497.81,144,0.99,79,1
iPhone 16 Pro,49,4992,60,293.44,88,-0.05,54,0
Galaxy S24 Ultra,31,6323,27,407.17,53,0.63,72,1
Fitbit Versa 4,66,2017,25,166.84,36,-0.14,59,0
PlayStation 5,49,5502,65,156.34,35,0.59,81,1
iPhone 16 Pro,55,1856,67,204.34,106,0.19,51,0
Drone Pro X,58,4129,126,337.89,45,0.77,76,1
Hair Growth Oil,30,4128,56,342.68,118,-0.18,48,0
Portable Projector,64,8710,92,161.04,64,0.21,62,0
Nike Air Max,99,6632,59,70.94,194,0.26,47,0
Wireless Charger,88,9824,50,318.04,78,-0.17,71,0
LED Face Mask,98,7088,36,68.52,70,-0.71,87,0
Dyson Airwrap,62,3811,59,291.35,139,-0.81,53,0
Dyson Airwrap,80,6548,100,348.24,64,-0.97,66,0
Nike Air Max,41,6746,137,351.8,131,0.75,64,0
PlayStation 5,49,1487,40,377.97,106,-0.53,52,0
Drone Pro X,82,3821,114,437.07,89,-0.58,94,0
Portable Projector,72,5115,110,252.48,96,0.47,60,0
Dyson Airwrap,79,8865,62,366.47,47,-0.36,84,0
Drone Pro X,58,4241,43,311.49,128,0.01,70,0
Dyson Airwrap,86,3552,84,97.39,87,-0.67,76,0
GoPro Hero 12,68,7074,101,17.72,166,0.92,87,1
GoPro Hero 12,85,1226,117,145.85,163,0.7,97,1
Smart Speaker,72,4260,65,224.3,44,0.73,82,1
