product_name,search_volume,social_mentions,news_articles,sales_usd_million,influencer_mentions,sentiment_score,trend_score
Smart TV 55in,50,7384,112,55.69,151,-0.31,90
Dyson Airwrap,66,3657,64,35.45,47,0.19,79
Vitamin C Serum,40,6020,52,30.41,107,0.94,96
Wireless Charger,49,2241,121,193.17,145,0.97,42
Sony WH-1000XM5,64,4188,110,171.93,30,0.16,40
Skincare Set,82,7985,37,360.38,65,-1.0,40
Smart Speaker,76,5869,48,372.7,55,0.8,78
PlayStation 5,81,6144,116,30.17,52,0.14,60
Retinol Night Cream,37,9589,93,114.46,129,-0.27,84
Kindle Paperwhite,33,4523,40,140.76,55,0.66,69
Kindle Paperwhite,56,1216,85,276.07,57,-0.2,71
Nike Air Max,73,4467,92,76.54,93,-0.93,72
PlayStation 5,69,7923,134,71.3,40,0.64,87
Fitness Tracker,76,6950,35,472.18,170,0.09,61
Vitamin C Serum,73,3715,112,403.08,181,-0.32,69
Kindle Paperwhite,77,8325,34,94.42,80,-0.5,93
Dyson Airwrap,81,890,16,206.25,17,0.19,85
Portable Projector,97,3537,55,181.03,139,-0.58,43
Wireless Earbuds,40,732,125,396.55,154,-0.35,62
Smart TV 55in,33,3631,143,257.56,61,0.27,94
Fitness Tracker,77,8134,17,68.29,54,0.76,83
Apple Watch Series 10,55,733,95,370.8,46,0.07,64
LED Face Mask,68,1891,78,201.46,179,0.52,51
Gaming Laptop,87,9947,24,135.15,53,0.53,56
Luxury Perfume,48,1389,76,190.87,126,0.33,92
iPhone 16 Pro,87,8402,77,251.39,47,-0.51,54
Hyaluronic Acid Moisturizer,57,1245,75,174.84,108,0.73,49
LED Face Mask,95,927,82,124.74,133,-0.13,74
GoPro Hero 12,39,1231,32,202.26,15,-0.91,94
Bose QuietComfort Ultra,87,1299,134,14.49,77,-0.51,91
Hair Growth Oil,43,7007,125,387.39,188,0.53,91
Hyaluronic Acid Moisturizer,44,7525,47,89.62,110,-0.86,68
Fitness Tracker,62,9527,12,26.73,172,-0.71,51
Luxury Perfume,46,8124,17,328.58,195,0.39,40
Hair Growth Oil,53,8826,115,388.1,194,0.79,40
Apple Watch Series 10,59,5883,39,407.85,143,0.27,49
Portable Projector,91,6707,27,249.29,22,-0.56,57
Wireless Charger,42,3038,50,106.66,196,-0.89,86
GoPro Hero 12,91,4218,19,369.93,39,0.23,41
Mechanical Keyboard,76,8732,134,351.36,109,-0.91,88
LED Face Mask,45,3867,65,126.9,11,0.23,47
Luxury Perfume,95,5508,119,452.19,67,-0.55,61
Fitness Tracker,72,5729,68,56.66,45,0.81,61
Mechanical Keyboard,37,7888,56,491.43,81,-0.05,65
Wireless Earbuds,32,2915,73,430.82,182,-0.55,65
Gaming Laptop,41,7671,71,345.51,146,0.71,48
Hair Growth Oil,45,3449,87,469.68,135,-0.49,60
LED Face Mask,88,4761,6,362.54,86,-0.39,70
Hair Growth Oil,78,5645,82,99.28,59,0.67,91
Smart Speaker,92,3966,32,223.87,41,-0.38,82
Electric Toothbrush,91,3588,58,40.39,107,-0.18,45
Electric Toothbrush,78,1615,71,197.88,52,-0.3,95
Apple Watch Series 10,80,5078,106,372.09,134,-0.77,53
Nike Air Max,62,3090,124,196.29,104,-0.92,72
Nike Air Max,59,7872,52,168.5,87,0.45,46
Drone Pro X,88,4073,51,299.7,63,0.29,63
Mechanical Keyboard,44,3478,25,436.74,56,-0.44,48
Fitbit Versa 4,52,9922,96,28.55,23,-0.41,50
MacBook Air M3,74,7813,125,195.81,185,0.89,95
Foundation Serum,91,7522,120,83.33,64,0.98,62
Bose QuietComfort Ultra,44,5475,5,349.2,166,-0.05,87
Wireless Charger,75,5425,81,57.33,184,0.6,90
Bose QuietComfort Ultra,93,8547,89,334.08,72,0.47,41
Portable Projector,75,8590,50,146.66,28,-0.41,54
LED Face Mask,85,8551,141,103.46,100,-0.88,74
Retinol Night Cream,73,5792,149,468.49,146,-0.71,75
Fitbit Versa 4,58,7145,51,14.17,110,0.68,91
Kindle Paperwhite,91,5903,63,221.7,46,0.46,93
GoPro Hero 12,81,3930,58,15.71,116,0.33,67
Hair Growth Oil,83,2495,90,244.38,101,-0.74,78
Bose QuietComfort Ultra,86,6530,16,253.02,61,0.28,83
Skincare Set,95,4391,10,164.22,194,0.54,43
Kindle Paperwhite,51,7645,57,70.42,37,0.72,49
Wireless Earbuds,49,8998,148,191.31,45,-0.97,45
Retinol Night Cream,62,2602,94,337.77,125,0.37,96
Nike Air Max,54,3530,9,392.29,73,-0.96,69
Foundation Serum,75,9024,77,267.72,27,0.41,93
Bose QuietComfort Ultra,86,8607,18,296.97,98,0.27,85
Sony WH-1000XM5,34,742,110,104.31,172,-0.7,74
Gaming Laptop,84,2384,56,147.23,87,0.53,88
PlayStation 5,90,8515,120,85.14,176,-0.86,82
Galaxy S24 Ultra,37,7247,30,128.4,99,0.65,49
Nike Air Max,45,8994,57,116.32,17,-0.48,97
Electric Toothbrush,77,4830,113,262.13,24,0.38,92
Smart TV 55in,90,8363,33,283.53,16,0.85,71
Skincare Set,44,3609,23,472.75,26,-0.32,81
Fitness Tracker,94,2686,51,101.81,95,0.01,81
Dyson Airwrap,51,2050,140,322.63,127,-0.07,42
Wireless Earbuds,32,1146,27,409.54,73,-0.68,95
Hair Growth Oil,83,6644,121,282.32,21,0.18,65
Apple Watch Series 10,43,5156,110,131.23,65,0.49,54
Skincare Set,65,9404,57,134.96,183,0.83,56
Fitness Tracker,96,1037,100,24.43,184,0.7,66
Foundation Serum,39,7072,9,156.19,110,0.02,57
Gaming Laptop,78,734,20,373.58,25,0.44,90
Smart TV 55in,94,7039,21,28.52,11,0.6,58
Sony WH-1000XM5,86,1874,106,113.55,137,-0.01,51
GoPro Hero 12,56,2409,24,354.59,101,-0.77,63
Electric Toothbrush,34,9607,116,392.41,114,-0.12,44
Skincare Set,86,7718,124,230.38,191,0.68,63
Bose QuietComfort Ultra,44,580,115,350.55,164,0.19,66
Drone Pro X,59,2583,5,197.04,40,0.45,87
Wireless Charger,49,2190,62,84.16,178,-0.63,69
Nike Air Max,66,1256,97,202.08,173,0.93,54
Luxury Perfume,32,3170,10,292.08,56,-0.19,86
Gaming Laptop,70,4251,112,474.29,52,0.31,98
Dyson Airwrap,68,9159,107,39.03,74,-0.96,77
Portable Projector,55,5761,54,256.16,59,-0.75,83
Fitbit Versa 4,31,7352,122,167.82,10,0.56,73
Foundation Serum,52,1994,114,256.61,194,0.94,66
Luxury Perfume,52,6240,92,16.87,153,-0.36,59
Mechanical Keyboard,45,9711,24,159.95,131,-0.93,80
Hair Growth Oil,38,8555,18,410.83,37,-0.28,71
Smart TV 55in,42,1401,137,279.2,95,-0.97,43
Hyaluronic Acid Moisturizer,57,1172,44,228.04,91,-0.62,44
Smart TV 55in,56,9130,38,146.33,31,0.5,92
Apple Watch Series 10,80,944,128,152.53,50,0.87,97
Luxury Perfume,93,9657,49,194.64,85,-0.83,47
Gaming Laptop,81,9155,84,418.61,156,0.12,61
Smart Speaker,67,2698,75,483.77,98,-0.49,81
Hyaluronic Acid Moisturizer,94,2787,82,222.13,187,-0.72,46
Kindle Paperwhite,47,4508,82,199.71,68,-0.56,61
Dyson Airwrap,92,9604,37,424.04,78,0.16,85
Wireless Earbuds,80,996,37,216.32,171,-0.87,69
Galaxy S24 Ultra,38,1963,48,278.25,176,-0.13,76
Sony WH-1000XM5,42,7328,24,119.32,132,-0.73,55
Smart TV 55in,69,4753,115,373.03,83,-0.45,54
Apple Watch Series 10,84,993,11,268.33,16,-0.62,44
iPhone 16 Pro,72,5565,28,405.47,110,0.77,42
Luxury Perfume,73,5930,74,391.46,120,0.42,62
Smart TV 55in,97,1926,116,111.43,189,0.74,49
Bose QuietComfort Ultra,62,2293,108,359.24,197,-0.23,44
Galaxy S24 Ultra,53,3223,58,401.03,61,-0.37,62
Wireless Earbuds,65,1158,42,176.32,33,-0.24,54
Kindle Paperwhite,39,5261,78,90.44,35,-0.96,57
Foundation Serum,49,8130,84,6.3,134,0.45,64
LED Face Mask,41,9241,36,228.2,99,-0.3,47
Smart TV 55in,91,9334,49,179.45,131,-0.37,70
Fitness Tracker,47,4850,65,279.68,19,0.2,60
Portable Projector,92,707,57,98.08,26,-0.13,41
Hyaluronic Acid Moisturizer,54,4690,132,430.53,11,0.96,61
Electric Toothbrush,41,2383,80,132.59,121,-0.29,47
Kindle Paperwhite,50,3386,31,117.08,36,0.23,62
Smart TV 55in,54,977,66,242.95,80,-0.38,71
Skincare Set,40,9453,22,251.93,185,0.98,47
Mechanical Keyboard,93,8881,131,111.47,127,-0.11,43
PlayStation 5,79,7354,113,139.57,18,0.27,69
Luxury Perfume,91,1255,107,89.0,95,-0.75,58
Nike Air Max,78,5431,81,360.64,32,0.47,62
Gaming Laptop,43,6224,121,386.19,82,-0.46,57
Galaxy S24 Ultra,30,4650,108,233.85,36,-0.1,92
LED Face Mask,54,4560,53,358.47,102,0.77,68
Bose QuietComfort Ultra,88,5265,120,369.29,90,0.94,62
Bose QuietComfort Ultra,98,4112,145,73.45,93,-0.15,72
Fitness Tracker,34,7053,104,483.26,52,0.67,91
LED Face Mask,48,7878,129,411.41,16,-0.89,86
Luxury Perfume,52,2189,29,106.22,101,0.7,57
GoPro Hero 12,38,1816,132,97.15,92,0.26,93
PlayStation 5,79,7630,104,67.2,93,-0.02,83
Gaming Laptop,45,3686,9,73.5,53,0.78,72
Wireless Earbuds,62,6289,23,375.34,176,0.69,46
Vitamin C Serum,31,1645,22,237.48,49,-0.41,90
Bose QuietComfort Ultra,43,4894,125,392.55,144,0.58,67
Luxury Perfume,30,8442,36,374.4,34,-0.8,40
Luxury Perfume,87,8048,14,304.28,68,0.65,95
Fitness Tracker,45,1060,41,344.75,150,0.35,78
Luxury Perfume,76,2412,90,14.09,112,-0.82,73
LED Face Mask,73,2364,17,159.33,95,0.37,78
MacBook Air M3,43,796,149,320.72,121,0.16,58
Portable Projector,53,2909,13,9.63,95,0.19,70
GoPro Hero 12,84,8130,92,21.32,107,-0.42,52
Sony WH-1000XM5,44,1961,50,426.68,71,-0.47,96
Nike Air Max,63,4792,140,343.59,17,0.53,63
Nike Air Max,31,2768,123,136.36,122,-0.49,44
Luxury Perfume,56,1494,23,345.54,182,-0.11,62
Fitbit Versa 4,52,7054,98,397.27,155,0.39,58
Fitness Tracker,97,507,30,156.86,69,-0.84,40
Retinol Night Cream,43,3015,50,22.84,69,0.19,72
Galaxy S24 Ultra,92,1917,122,466.73,115,0.18,98
MacBook Air M3,94,2816,50,175.86,11,0.37,89
Dyson Airwrap,97,7858,18,57.71,100,-0.26,95
LED Face Mask,92,4432,89,248.47,23,-0.1,72
Apple Watch Series 10,93,6704,67,385.39,57,-0.34,71
Apple Watch Series 10,61,1787,76,114.72,112,0.62,98
Smart TV 55in,42,1618,7,138.4,65,-0.74,67
Bose QuietComfort Ultra,95,9244,32,125.14,21,0.93,76
Drone Pro X,48,8137,129,495.88,64,0.27,80
Apple Watch Series 10,53,1160,91,102.71,165,0.77,51
Smart Speaker,40,9407,81,289.88,119,-0.15,48
PlayStation 5,88,7422,80,463.01,13,-0.34,89
Wireless Earbuds,44,8604,118,77.71,45,0.8,94
Drone Pro X,39,6837,137,485.57,187,-0.8,50
Smart Speaker,70,3029,79,474.0,140,-0.77,72
Smart Speaker,56,4470,63,442.86,10,-0.4,58
Retinol Night Cream,89,3907,63,111.21,26,0.92,93
Nike Air Max,81,9546,51,318.86,71,0.27,96
Hair Growth Oil,57,7916,99,381.64,57,0.11,81
Apple Watch Series 10,94,5260,145,493.08,71,0.41,73
Hair Growth Oil,46,2397,82,94.31,78,-0.17,46
Wireless Earbuds,73,6864,117,384.18,156,0.52,70
Gaming Laptop,39,8964,113,172.71,112,-0.21,91
Hair Growth Oil,92,4587,110,91.94,119,0.65,41
Sony WH-1000XM5,76,9964,93,213.58,171,-0.47,58
Kindle Paperwhite,67,4874,37,397.95,186,-0.44,77
LED Face Mask,99,8107,101,235.1,184,0.04,71
LED Face Mask,82,4519,83,271.07,100,-0.14,49
Bose QuietComfort Ultra,73,1315,20,497.6,123,0.3,80
Vitamin C Serum,83,7755,48,202.56,187,-0.27,47
GoPro Hero 12,49,1422,124,309.62,98,-0.54,65
Kindle Paperwhite,60,5367,138,185.8,163,-0.06,69
Hyaluronic Acid Moisturizer,36,1764,112,199.43,65,0.12,50
Portable Projector,87,4224,147,349.34,87,-0.71,80
iPhone 16 Pro,39,3222,8,469.25,23,0.11,59
LED Face Mask,39,5855,60,273.47,34,-0.36,99
MacBook Air M3,68,3050,68,385.36,141,-0.22,59
Drone Pro X,57,5819,99,49.16,41,-0.44,48
Dyson Airwrap,59,7186,60,109.52,91,0.86,47
Gaming Laptop,66,2173,36,253.56,87,0.37,99
Electric Toothbrush,96,5087,120,14.91,115,-0.48,54
Portable Projector,72,5853,13,130.16,198,0.29,73
Skincare Set,81,7357,109,261.11,29,0.7,63
Kindle Paperwhite,85,2166,82,12.41,83,-0.2,72
GoPro Hero 12,97,5011,91,135.95,19,0.66,80
LED Face Mask,38,6672,25,259.45,132,-0.69,80
Mechanical Keyboard,52,1884,59,288.71,43,0.65,84
Fitness Tracker,92,4903,80,463.25,198,0.08,79
Kindle Paperwhite,90,4454,134,324.45,164,-0.55,66
iPhone 16 Pro,69,6805,145,210.29,49,-0.19,60
Kindle Paperwhite,73,8752,130,465.52,136,0.98,44
Foundation Serum,53,7738,136,393.52,42,0.57,74
Electric Toothbrush,80,7481,88,104.0,80,0.15,60
Sony WH-1000XM5,87,6526,119,69.77,146,-0.77,43
Fitbit Versa 4,62,7109,52,339.53,153,-0.16,88
Bose QuietComfort Ultra,45,9164,127,282.14,142,-0.47,87
PlayStation 5,51,1458,82,395.89,107,-0.86,55
MacBook Air M3,86,9224,34,370.71,133,0.08,96
MacBook Air M3,91,993,33,314.48,160,0.78,70
Wireless Charger,99,7542,140,493.26,52,0.35,65
Skincare Set,59,581,144,269.13,123,-0.5,91
Vitamin C Serum,52,7499,45,60.99,98,0.15,74
Portable Projector,61,3470,30,415.0,194,0.89,45
Smart Speaker,86,511,54,129.67,188,0.45,72
GoPro Hero 12,38,8324,6,389.76,22,0.38,60
Dyson Airwrap,60,1261,59,478.77,137,0.94,55
Kindle Paperwhite,38,3685,108,349.91,161,0.6,86
Electric Toothbrush,42,525,18,300.03,148,-0.73,78
Hair Growth Oil,87,2306,138,232.89,61,-0.3,73
iPhone 16 Pro,32,7151,132,185.38,26,0.93,81
Bose QuietComfort Ultra,64,6164,108,179.74,174,-0.02,96
Galaxy S24 Ultra,50,5654,99,320.0,22,-0.78,99
Kindle Paperwhite,93,6324,85,376.88,199,-0.08,54
Sony WH-1000XM5,81,4159,65,340.87,93,0.39,45
Mechanical Keyboard,63,2025,16,103.21,106,1.0,41
Fitness Tracker,64,1260,17,249.52,115,-0.35,63
Vitamin C Serum,44,1094,93,396.86,105,0.03,95
Galaxy S24 Ultra,35,7692,99,240.47,17,0.76,88
Kindle Paperwhite,61,1555,63,270.63,65,-0.29,67
Retinol Night Cream,81,3583,41,386.71,113,-0.78,40
Skincare Set,57,4175,29,332.33,92,0.9,40
Sony WH-1000XM5,93,6457,20,207.63,53,-0.02,67
Galaxy S24 Ultra,48,5755,91,448.23,197,0.01,75
Kindle Paperwhite,44,9911,146,85.47,112,0.24,59
MacBook Air M3,35,4728,138,497.78,121,-0.99,87
Sony WH-1000XM5,67,4681,27,63.83,178,0.86,47
Mechanical Keyboard,55,2330,130,12.4,158,-0.28,40
Galaxy S24 Ultra,80,3895,64,445.56,51,-0.21,65
Mechanical Keyboard,82,1703,144,126.25,166,-0.65,90
Hair Growth Oil,85,3310,145,366.2,154,-0.24,82
Kindle Paperwhite,88,3592,104,406.45,39,0.61,88
Vitamin C Serum,99,3544,107,430.2,35,0.6,64
Dyson Airwrap,87,6571,138,495.84,190,0.87,49
LED Face Mask,42,7772,67,150.55,134,-0.19,51
Drone Pro X,72,5173,42,356.57,28,0.42,80
Bose QuietComfort Ultra,80,4014,132,62.12,62,0.01,46
Wireless Charger,48,6692,54,206.37,94,0.61,51
Smart Speaker,50,644,44,424.75,26,0.43,86
Kindle Paperwhite,53,8007,12,186.99,183,-0.26,79
Nike Air Max,55,5357,12,297.59,113,-0.33,56
Apple Watch Series 10,74,1877,108,254.37,190,-0.5,44
Vitamin C Serum,57,3646,38,324.75,114,0.15,53
Dyson Airwrap,58,5524,61,486.58,113,0.93,73
Galaxy S24 Ultra,46,1293,26,32.59,182,-0.6,87
Fitbit Versa 4,97,6256,91,289.11,186,-0.81,56
Fitness Tracker,73,4914,44,432.2,156,-0.76,74
Sony WH-1000XM5,90,1610,90,243.28,133,0.57,94
Electric Toothbrush,97,6172,137,43.87,90,-0.3,40
Nike Air Max,54,4553,99,282.47,46,-0.55,98
Mechanical Keyboard,96,4437,17,169.38,130,-0.29,89
Foundation Serum,31,4463,32,81.7,79,0.29,89
Kindle Paperwhite,78,5442,88,425.27,163,0.09,75
Skincare Set,99,6397,66,263.19,139,0.49,54
Kindle Paperwhite,55,9474,97,466.97,68,-0.32,99
Smart Speaker,56,1616,91,403.98,127,-0.1,58
Nike Air Max,47,2250,28,348.02,142,-0.8,90
Sony WH-1000XM5,83,4527,102,7.49,46,-0.85,81
Mechanical Keyboard,30,6245,11,216.77,40,-0.08,44
Sony WH-1000XM5,90,5564,41,102.76,108,-0.4,58
Kindle Paperwhite,32,6438,72,455.84,103,0.23,82
Galaxy S24 Ultra,97,3897,90,91.42,185,-0.91,78
Smart Speaker,70,8765,137,146.6,15,-0.76,44
MacBook Air M3,66,1859,91,260.83,24,0.73,91
Foundation Serum,80,9783,19,135.36,152,0.13,51
Nike Air Max,44,5353,127,108.88,198,0.42,58
LED Face Mask,37,2441,111,301.55,25,0.68,86
Skincare Set,67,3648,93,49.02,29,-0.07,51
Dyson Airwrap,85,8433,129,33.79,86,0.52,75
Mechanical Keyboard,76,9936,117,189.26,53,0.05,51
Wireless Charger,39,1785,141,361.73,179,-0.55,57
Fitness Tracker,78,6974,111,279.63,55,-0.32,88
Kindle Paperwhite,70,1270,91,214.32,104,-0.02,90
Fitbit Versa 4,59,2343,72,285.05,171,-0.37,87
Skincare Set,34,573,19,185.9,73,-0.33,82
iPhone 16 Pro,60,2160,69,468.39,166,-0.33,73
iPhone 16 Pro,81,4849,58,32.18,140,-0.75,87
Smart Speaker,52,7602,97,338.33,18,-0.83,72
Nike Air Max,77,8500,24,446.18,162,-0.91,88
Wireless Earbuds,69,9511,37,402.92,51,-0.78,57
GoPro Hero 12,35,4318,104,96.1,183,-0.31,96
Wireless Charger,67,831,81,151.48,82,0.19,68
Sony WH-1000XM5,70,1921,139,359.94,93,-0.62,84
iPhone 16 Pro,56,8012,140,46.71,68,0.78,44
iPhone 16 Pro,98,7390,111,406.87,30,0.62,64
Vitamin C Serum,86,5431,124,360.86,159,0.04,63
Dyson Airwrap,46,6525,78,366.16,166,0.45,68
Gaming Laptop,76,4908,15,54.62,72,-0.27,98
iPhone 16 Pro,42,5613,35,360.29,82,-0.93,77
Gaming Laptop,40,8919,16,341.51,70,0.81,72
PlayStation 5,53,3381,128,416.31,73,-0.74,49
Wireless Earbuds,33,3365,82,25.59,78,0.9,76
Fitbit Versa 4,75,3075,100,16.44,177,0.14,99
Hyaluronic Acid Moisturizer,47,6685,54,189.64,138,-0.39,72
Luxury Perfume,72,9156,121,78.65,115,-0.01,62
LED Face Mask,62,6241,21,281.4,74,0.0,97
Portable Projector,39,777,133,459.09,131,-0.95,50
Hyaluronic Acid Moisturizer,88,565,68,198.78,71,-0.29,63
Mechanical Keyboard,60,4762,136,423.25,191,0.48,63
MacBook Air M3,57,6204,91,5.12,112,0.02,46
Dyson Airwrap,89,9094,20,88.41,69,-0.51,89
Foundation Serum,32,8489,67,20.06,55,-0.33,60
Drone Pro X,84,6755,80,167.43,14,0.73,59
LED Face Mask,43,7941,89,454.55,122,0.05,92
Smart TV 55in,87,5192,113,52.99,159,0.06,49
Mechanical Keyboard,44,4919,21,305.17,190,0.92,64
Skincare Set,31,8460,145,228.49,79,-0.36,86
Galaxy S24 Ultra,53,6578,62,469.54,169,-0.04,75
Portable Projector,93,1937,83,65.65,20,0.62,87
Smart TV 55in,53,9120,65,109.95,147,0.52,86
Dyson Airwrap,56,7532,117,19.62,176,-0.47,54
MacBook Air M3,66,6231,125,219.8,107,-0.7,83
MacBook Air M3,68,3878,38,142.53,40,0.4,79
Nike Air Max,92,9084,74,435.6,21,-0.48,79
Gaming Laptop,55,6847,21,304.45,117,0.85,89
Drone Pro X,94,6901,24,308.97,89,-0.74,45
Vitamin C Serum,33,7129,63,268.3,175,-0.36,76
Smart TV 55in,58,5041,73,50.47,76,-0.89,41
Dyson Airwrap,30,8376,106,225.28,61,0.41,51
Portable Projector,79,9033,124,499.76,142,0.78,97
Skincare Set,40,8824,149,418.44,148,0.27,43
Foundation Serum,88,764,61,447.26,34,0.88,62
Portable Projector,91,1934,87,412.5,44,-0.74,52
Kindle Paperwhite,65,5827,133,56.01,172,-0.82,56
Gaming Laptop,85,5597,17,117.59,31,0.68,70
iPhone 16 Pro,50,2160,10,6.55,174,0.71,55
Hyaluronic Acid Moisturizer,42,6192,101,155.24,192,0.66,80
Electric Toothbrush,38,2854,98,58.76,105,0.6,65
MacBook Air M3,40,8957,114,239.03,126,-0.28,67
LED Face Mask,99,6961,142,340.18,29,-0.57,40
Drone Pro X,30,9828,55,437.88,115,0.86,86
Hyaluronic Acid Moisturizer,99,7544,55,375.86,13,-0.39,51
Hair Growth Oil,85,5997,91,469.6,27,-0.2,76
Hyaluronic Acid Moisturizer,60,5049,72,31.68,60,0.4,94
Hair Growth Oil,66,6834,88,11.03,29,-0.41,95
Electric Toothbrush,76,6510,46,332.36,131,0.64,89
Gaming Laptop,76,5426,61,148.23,146,-0.86,59
Mechanical Keyboard,98,9804,66,130.48,89,0.58,41
Wireless Charger,87,6565,11,168.79,163,0.2,75
Apple Watch Series 10,65,2679,116,138.55,111,0.15,54
Electric Toothbrush,61,5467,30,258.16,34,-0.08,77
PlayStation 5,93,1134,23,222.87,178,-0.45,61
Skincare Set,71,4131,13,258.65,68,-0.07,83
Smart Speaker,77,5177,65,337.99,54,-0.1,89
iPhone 16 Pro,59,2718,24,196.63,50,0.17,71
Galaxy S24 Ultra,50,1889,110,129.4,47,-0.44,98
Retinol Night Cream,89,4776,54,87.27,126,-0.84,59
Smart TV 55in,42,1749,85,177.99,28,-0.71,75
Wireless Charger,30,8140,145,372.19,23,0.4,72
GoPro Hero 12,94,6212,144,379.57,136,-0.96,54
Wireless Earbuds,62,1745,14,335.12,158,0.71,89
Smart TV 55in,67,8745,69,120.84,152,0.39,85
Hyaluronic Acid Moisturizer,54,942,12,296.1,12,0.54,42
LED Face Mask,55,7476,26,287.49,46,0.67,68
Luxury Perfume,88,5175,22,244.71,126,-0.75,86
Vitamin C Serum,62,8453,13,277.24,183,0.64,66
iPhone 16 Pro,70,4877,58,248.44,25,0.01,44
Dyson Airwrap,59,7558,30,284.9,151,0.77,98
Foundation Serum,86,1322,98,359.18,18,0.77,95
Vitamin C Serum,78,3439,104,59.27,16,-0.95,70
Luxury Perfume,77,7596,30,376.06,151,-0.23,61
Skincare Set,78,6265,38,72.26,143,0.05,74
Hyaluronic Acid Moisturizer,76,1531,12,37.98,24,0.36,93
Electric Toothbrush,85,1062,142,488.16,189,-0.43,46
PlayStation 5,94,840,52,478.71,81,-0.5,45
Retinol Night Cream,41,5067,111,34.92,171,-0.24,65
Smart Speaker,98,8362,58,224.41,113,0.0,93
LED Face Mask,35,2796,123,97.19,138,0.9,40
Fitness Tracker,94,734,147,245.25,105,0.52,58
PlayStation 5,54,5702,85,415.94,131,-0.14,46
Hair Growth Oil,30,9808,100,475.55,124,-0.89,75
Hyaluronic Acid Moisturizer,61,1791,106,318.96,157,-0.66,51
Bose QuietComfort Ultra,32,5227,66,180.18,89,-0.09,59
Wireless Charger,78,9220,50,303.65,16,0.63,62
Bose QuietComfort Ultra,48,3439,91,159.44,144,-0.24,64
Mechanical Keyboard,89,5935,103,455.36,59,0.08,69
Sony WH-1000XM5,58,7481,43,435.85,139,0.78,98
LED Face Mask,79,5892,147,281.32,56,0.83,68
Apple Watch Series 10,31,8472,57,165.78,23,-0.57,70
LED Face Mask,85,1733,84,150.23,40,-0.91,57
Drone Pro X,46,3300,20,21.54,59,-0.39,80
Skincare Set,89,3275,108,408.83,198,0.39,58
Portable Projector,65,6544,74,227.94,50,0.9,93
Gaming Laptop,90,3987,145,165.94,23,-0.85,43
Sony WH-1000XM5,46,7883,112,238.2,142,-0.94,40
Skincare Set,78,4350,51,410.28,14,0.77,80
Skincare Set,89,5497,13,66.68,166,0.5,98
Galaxy S24 Ultra,49,1390,38,429.54,14,0.98,54
GoPro Hero 12,79,6420,90,449.27,122,-0.21,93
GoPro Hero 12,32,1688,119,473.62,127,-0.17,47
Sony WH-1000XM5,72,6144,68,201.76,105,-0.66,54
Wireless Charger,86,1240,38,112.48,45,-0.77,54
Nike Air Max,79,1869,16,189.95,88,0.16,89
MacBook Air M3,97,2500,101,169.79,28,-0.27,78
Electric Toothbrush,79,1971,125,92.2,31,-0.84,61
Bose QuietComfort Ultra,66,2036,145,305.6,171,0.77,57
Sony WH-1000XM5,75,818,91,240.93,65,-0.6,55
Portable Projector,71,5653,106,433.52,26,0.5,41
Portable Projector,44,2394,100,20.89,193,-0.44,75
Luxury Perfume,62,8491,118,323.71,26,0.63,59
Foundation Serum,40,9967,51,382.66,155,-0.76,55
Skincare Set,49,9092,62,380.95,182,0.51,42
Vitamin C Serum,53,6435,137,443.61,87,-0.8,95
Dyson Airwrap,93,1223,125,365.87,65,-0.11,69
Nike Air Max,94,2829,122,464.27,89,0.47,94
iPhone 16 Pro,46,9827,9,169.67,59,-0.65,41
Nike Air Max,90,3270,100,254.09,67,-0.43,74
Wireless Earbuds,44,8045,25,11.97,27,0.73,65
Smart TV 55in,80,5346,132,8.44,144,0.77,96
Fitbit Versa 4,56,767,128,123.86,85,-0.91,44
Electric Toothbrush,90,1069,25,54.9,19,-0.66,41
Skincare Set,87,2473,58,133.8,78,-0.77,90
Mechanical Keyboard,60,9237,142,92.64,94,-0.64,95
Retinol Night Cream,41,3322,108,19.12,140,0.94,59
Foundation Serum,75,4960,115,455.11,92,0.1,73
Apple Watch Series 10,60,770,120,9.07,118,-0.06,73
Smart Speaker,61,8141,61,369.36,53,0.97,93
Electric Toothbrush,61,9430,132,80.31,151,0.11,95
Hair Growth Oil,82,7180,124,456.55,141,0.32,94
Nike Air Max,90,1757,74,446.93,27,-0.33,59
Mechanical Keyboard,75,8750,99,328.68,102,-0.24,89
Nike Air Max,36,5870,103,337.76,189,0.19,64
Smart TV 55in,33,5358,46,7.64,47,-0.86,59
PlayStation 5,81,9081,74,492.51,157,-0.49,64
GoPro Hero 12,60,9410,6,439.53,181,-0.61,92
iPhone 16 Pro,65,7499,149,448.08,60,-0.97,53
Wireless Charger,83,620,113,331.33,28,0.07,99
Hyaluronic Acid Moisturizer,83,7408,69,175.67,129,0.12,86
MacBook Air M3,46,2803,74,447.36,77,-0.23,83
Foundation Serum,59,5361,73,149.3,75,-0.46,82
Bose QuietComfort Ultra,51,3411,125,283.54,150,0.3,82
Nike Air Max,72,9491,113,54.37,199,-0.73,78
Sony WH-1000XM5,56,7736,64,461.37,198,0.04,51
Bose QuietComfort Ultra,66,6065,97,74.68,167,0.54,87
GoPro Hero 12,75,7031,16,116.32,107,-0.67,44
Wireless Earbuds,64,1609,107,281.28,167,0.51,41
Kindle Paperwhite,33,7429,116,383.23,188,0.52,93
Kindle Paperwhite,55,1750,69,311.58,97,-0.88,55
Sony WH-1000XM5,48,8677,52,119.91,185,-0.96,94
MacBook Air M3,74,2149,92,5.47,42,0.95,69
Gaming Laptop,55,7851,66,379.79,114,-0.61,86
iPhone 16 Pro,51,6411,48,492.68,83,0.64,82
Vitamin C Serum,87,3456,140,405.91,91,0.12,77
Wireless Earbuds,92,6328,59,232.8,28,-0.47,84
Fitbit Versa 4,57,5494,112,452.36,80,-0.74,90
Foundation Serum,94,6936,51,207.87,66,-0.01,81
Electric Toothbrush,73,9176,6,264.84,156,-0.19,63
Electric Toothbrush,72,8114,117,241.18,88,0.4,90
Fitbit Versa 4,66,9494,15,226.57,178,0.81,69
Portable Projector,95,2215,142,388.72,51,0.61,76
Mechanical Keyboard,46,8650,116,265.75,189,-0.45,96
Fitbit Versa 4,69,3983,94,161.77,125,0.76,98
GoPro Hero 12,67,8175,59,132.79,13,0.67,92
Wireless Charger,90,2257,21,23.68,13,0.86,78
Galaxy S24 Ultra,38,2309,72,293.68,14,-0.08,50
Nike Air Max,90,6039,137,118.83,50,0.54,53
Retinol Night Cream,45,6548,56,78.33,117,0.18,62
PlayStation 5,31,1651,142,328.65,96,-0.38,92
Sony WH-1000XM5,72,5992,101,342.2,113,0.99,55
Nike Air Max,71,7211,52,377.32,126,-0.92,89
PlayStation 5,86,6802,33,254.27,110,-0.68,60
Electric Toothbrush,96,5247,31,447.56,198,0.79,94
Sony WH-1000XM5,59,8902,108,468.49,84,-0.88,94
Retinol Night Cream,42,5181,64,404.65,192,0.77,43
Vitamin C Serum,48,3007,110,319.62,84,0.43,72
Gaming Laptop,36,3463,73,155.34,22,-0.93,93
Wireless Charger,38,3928,118,491.56,151,-0.14,86
GoPro Hero 12,83,7994,25,140.7,197,0.51,53
Nike Air Max,90,4455,106,105.32,34,0.17,58
Retinol Night Cream,31,4205,135,223.87,124,0.87,98
Skincare Set,79,4538,99,33.14,181,0.74,44
Wireless Earbuds,60,9744,109,489.35,91,-0.33,75
Wireless Earbuds,62,1213,129,296.27,19,-0.83,70
Kindle Paperwhite,40,7760,6,280.69,59,0.89,84
Retinol Night Cream,62,7511,70,329.62,181,0.03,57
Wireless Earbuds,36,9379,117,251.03,151,-0.85,83
Wireless Earbuds,60,9021,46,20.87,24,0.63,70
Gaming Laptop,77,2246,24,308.09,25,0.74,94
Fitbit Versa 4,76,1707,101,359.51,11,0.28,69
Electric Toothbrush,82,1284,72,211.29,167,-0.1,60
Galaxy S24 Ultra,48,3196,79,379.86,39,0.32,86
Apple Watch Series 10,35,7573,129,117.37,91,0.41,69
Gaming Laptop,78,5536,51,114.53,40,0.79,94
Galaxy S24 Ultra,79,7627,9,84.9,86,0.91,80
Sony WH-1000XM5,41,4218,53,189.14,157,0.03,43
Foundation Serum,52,6275,128,424.27,186,0.6,44
Kindle Paperwhite,83,8410,41,414.82,123,0.93,80
Nike Air Max,98,3193,23,194.5,44,-0.7,84
Fitness Tracker,88,1125,44,296.61,32,-0.96,49
GoPro Hero 12,65,4208,21,361.8,115,0.74,66
Dyson Airwrap,32,7359,103,124.4,106,-0.61,55
Sony WH-1000XM5,87,9453,97,88.23,124,-0.92,69
iPhone 16 Pro,84,8192,46,486.19,109,-0.68,52
Galaxy S24 Ultra,86,6898,127,310.69,198,-0.23,75
Electric Toothbrush,46,7752,111,490.8,64,-0.56,60
iPhone 16 Pro,68,2055,76,172.19,17,-0.39,84
Smart Speaker,97,9367,69,353.0,177,0.95,92
Galaxy S24 Ultra,84,4687,113,115.19,68,0.41,79
Drone Pro X,74,8267,57,134.29,137,0.42,84
Gaming Laptop,30,536,139,258.39,41,-0.81,54
Mechanical Keyboard,50,2287,137,163.21,102,0.46,59
Portable Projector,50,6783,28,87.97,16,0.48,59
Drone Pro X,81,8560,32,135.13,11,0.32,84
Electric Toothbrush,72,8565,66,22.7,94,-0.54,94
MacBook Air M3,81,4380,21,353.69,143,-0.15,98
Bose QuietComfort Ultra,96,6432,24,248.6,115,0.69,44
Smart TV 55in,73,8828,7,51.65,45,0.34,93
Gaming Laptop,61,6833,147,89.99,169,0.47,93
Wireless Earbuds,39,6259,55,55.75,54,0.17,99
iPhone 16 Pro,93,6985,140,308.23,51,-0.1,71
Fitness Tracker,98,5567,145,51.63,62,0.52,45
Fitness Tracker,97,1161,7,378.37,119,-0.86,69
iPhone 16 Pro,57,8473,77,15.15,18,0.35,65
Electric Toothbrush,82,6886,109,128.44,96,0.99,76
Hyaluronic Acid Moisturizer,80,8387,122,445.88,123,0.56,52
MacBook Air M3,82,914,38,360.67,84,-0.42,68
Dyson Airwrap,33,7350,141,41.12,186,-0.44,44
Sony WH-1000XM5,46,9034,66,411.46,139,0.33,64
Electric Toothbrush,96,3229,124,249.05,20,0.79,52
Wireless Charger,76,4397,119,424.16,59,0.16,63
Portable Projector,85,2669,17,302.37,172,0.05,70
Vitamin C Serum,52,2378,73,342.51,131,-0.68,59
Hair Growth Oil,47,6954,81,496.78,152,0.43,94
Electric Toothbrush,30,5070,5,120.01,84,0.4,47
Vitamin C Serum,64,2015,93,313.85,40,0.93,99
Electric Toothbrush,93,1074,51,232.86,101,-0.4,48
Smart TV 55in,87,3367,8,24.53,199,0.51,60
Foundation Serum,88,4044,14,12.16,165,-0.13,90
Galaxy S24 Ultra,30,4977,32,64.02,162,0.12,59
Hair Growth Oil,32,571,125,326.3,101,0.63,54
Nike Air Max,96,3480,130,285.75,162,-0.56,65
Hyaluronic Acid Moisturizer,66,9809,138,278.95,84,-0.31,93
iPhone 16 Pro,58,5992,144,20.77,101,0.55,81
LED Face Mask,62,5259,66,237.3,138,0.14,50
Sony WH-1000XM5,90,8584,71,462.69,196,-0.82,76
Smart Speaker,33,539,78,201.81,51,-0.14,80
PlayStation 5,43,5873,99,314.34,119,0.17,50
Sony WH-1000XM5,62,8065,147,391.01,171,0.82,66
Mechanical Keyboard,51,2400,40,393.04,27,-0.62,69
Dyson Airwrap,77,2717,146,262.04,86,0.61,58
LED Face Mask,32,5296,116,429.69,142,-0.74,73
Foundation Serum,52,5106,135,198.73,29,-0.52,77
Smart TV 55in,97,1783,117,444.9,136,-0.51,62
Kindle Paperwhite,50,9275,114,123.91,84,0.75,92
GoPro Hero 12,72,9150,118,143.71,71,-0.6,40
Wireless Charger,55,1315,71,31.29,41,0.57,42
Mechanical Keyboard,70,3011,130,398.81,195,-0.08,42
Sony WH-1000XM5,67,746,90,211.44,187,1.0,67
PlayStation 5,40,5325,23,118.41,175,0.68,53
Gaming Laptop,58,7016,73,119.74,192,0.48,91
GoPro Hero 12,89,916,14,451.19,37,0.74,69
Luxury Perfume,96,7202,145,417.79,83,0.27,97
GoPro Hero 12,94,4217,132,279.0,90,0.69,93
Hyaluronic Acid Moisturizer,90,607,103,309.97,31,-0.48,44
Bose QuietComfort Ultra,48,9530,36,239.79,180,-0.8,88
Retinol Night Cream,75,5013,116,198.87,173,0.23,54
GoPro Hero 12,78,1921,28,458.16,105,-0.13,77
Fitness Tracker,51,7783,39,67.18,131,-0.15,53
GoPro Hero 12,86,755,87,212.13,132,0.05,53
Foundation Serum,43,7748,74,175.56,61,-0.28,96
Smart Speaker,73,9529,113,251.58,173,0.25,98
iPhone 16 Pro,45,3462,103,231.53,165,-0.94,88
Electric Toothbrush,41,2782,37,261.85,87,0.94,47
Mechanical Keyboard,84,9244,60,74.26,195,0.85,47
Foundation Serum,80,8872,16,259.01,173,0.87,58
GoPro Hero 12,68,1977,15,125.0,79,-0.27,71
Galaxy S24 Ultra,62,9262,74,96.24,146,0.06,70
LED Face Mask,62,5452,144,37.09,30,0.91,68
Fitness Tracker,58,6380,45,382.51,73,0.8,80
Electric Toothbrush,98,6092,110,216.58,85,0.58,50
Kindle Paperwhite,99,7591,7,315.19,70,-0.19,84
Kindle Paperwhite,60,1091,7,365.16,104,0.13,52
Gaming Laptop,60,6777,88,341.26,49,0.59,66
Luxury Perfume,75,2760,111,237.9,193,-0.45,95
Fitbit Versa 4,81,847,138,197.01,13,0.25,58
Smart TV 55in,39,8857,24,191.1,40,0.66,65
Galaxy S24 Ultra,70,5532,143,321.82,164,0.41,92
Hyaluronic Acid Moisturizer,32,4943,100,249.92,195,-0.04,90
LED Face Mask,88,9274,128,425.32,162,0.17,76
iPhone 16 Pro,81,7369,25,437.98,78,0.98,87
Fitbit Versa 4,63,6196,118,89.43,79,0.2,48
Gaming Laptop,78,3538,17,72.44,14,0.57,67
Drone Pro X,57,3345,90,317.05,124,0.45,71
Smart Speaker,42,8364,39,154.11,100,0.4,91
MacBook Air M3,98,7109,51,14.19,17,0.43,93
Wireless Charger,96,1765,129,444.88,18,-0.09,42
Apple Watch Series 10,90,2774,114,117.32,24,-0.05,90
Vitamin C Serum,89,2970,41,464.99,114,-0.06,71
MacBook Air M3,53,3077,25,360.13,16,-0.93,44
Fitbit Versa 4,92,4160,18,382.51,81,-0.52,47
Fitbit Versa 4,90,1568,95,104.72,124,-0.69,53
Smart TV 55in,52,6091,64,120.93,24,0.77,95
Wireless Earbuds,59,6474,128,263.03,174,-0.45,42
Bose QuietComfort Ultra,89,5329,27,90.19,92,-0.72,63
GoPro Hero 12,47,2450,115,156.19,48,-0.76,52
Sony WH-1000XM5,85,8783,128,164.12,143,0.4,82
Kindle Paperwhite,82,3593,34,84.02,66,-0.99,68
Fitbit Versa 4,36,5811,119,106.57,101,-0.06,47
Nike Air Max,98,1887,94,395.33,90,-0.76,90
Smart Speaker,81,4774,42,87.76,156,0.7,81
Hair Growth Oil,33,2785,87,19.09,136,0.92,70
Fitness Tracker,63,3706,31,316.53,168,0.92,65
Retinol Night Cream,98,3424,108,488.11,84,-0.12,57
Kindle Paperwhite,62,7545,120,168.95,88,0.29,97
Hair Growth Oil,98,8971,19,63.73,19,0.2,57
Dyson Airwrap,67,2118,7,287.34,116,-0.3,96
Hair Growth Oil,55,9062,14,453.65,96,-0.11,46
iPhone 16 Pro,30,6396,124,393.11,76,-0.87,87
Smart Speaker,33,8343,149,313.15,71,0.59,77
Dyson Airwrap,68,7563,132,160.95,140,-0.52,87
Kindle Paperwhite,83,8995,15,273.23,155,-0.08,55
Smart Speaker,62,1848,137,50.17,162,-0.04,94
Smart TV 55in,62,6056,73,341.08,116,0.12,95
Dyson Airwrap,49,5789,68,363.92,157,0.64,99
Mechanical Keyboard,45,2922,18,482.69,195,0.38,72
LED Face Mask,50,4128,54,133.9,102,0.33,95
Foundation Serum,74,2928,76,14.14,95,0.05,90
Smart TV 55in,91,3533,73,275.08,187,-0.81,42
Fitness Tracker,60,6657,139,354.86,130,-0.2,77
Apple Watch Series 10,71,9360,131,396.25,88,0.91,43
Mechanical Keyboard,41,9191,20,100.9,19,0.99,75
Mechanical Keyboard,94,8313,82,134.57,158,0.46,43
iPhone 16 Pro,32,1914,105,258.73,38,-0.54,81
Galaxy S24 Ultra,38,7208,60,168.65,105,-0.8,48
Fitness Tracker,80,9221,109,430.95,19,-0.17,79
Retinol Night Cream,45,7135,136,239.51,22,0.71,90
Gaming Laptop,32,4121,52,400.79,56,0.44,56
Wireless Charger,53,5815,21,292.41,160,0.77,56
Wireless Earbuds,42,1254,115,387.68,59,0.23,72
Sony WH-1000XM5,31,2847,74,169.67,141,-0.74,59
Skincare Set,50,1226,84,416.55,125,-0.77,53
GoPro Hero 12,48,5423,97,140.91,122,-0.9,61
Electric Toothbrush,76,3149,42,275.32,94,0.13,91
Electric Toothbrush,51,3315,105,110.93,62,-0.51,66
MacBook Air M3,62,9566,66,240.39,139,0.47,82
Dyson Airwrap,61,3779,125,162.5,77,0.37,42
MacBook Air M3,93,3484,52,137.02,88,-0.36,63
Vitamin C Serum,68,4307,14,483.66,66,-0.65,69
Skincare Set,71,8376,40,84.24,106,-0.8,47
Vitamin C Serum,38,6599,8,394.73,144,0.47,61
Wireless Earbuds,54,1107,48,492.16,156,-0.1,64
Mechanical Keyboard,31,6669,60,14.85,181,-0.35,99
Luxury Perfume,48,8290,46,351.02,72,0.71,49
Electric Toothbrush,49,6073,118,130.19,74,0.19,88
Galaxy S24 Ultra,99,1134,145,25.04,48,0.04,68
Hair Growth Oil,46,1574,25,204.43,118,0.49,79
iPhone 16 Pro,97,2414,83,467.93,35,0.63,93
Foundation Serum,32,1088,73,10.82,181,0.37,40
Smart Speaker,80,3731,74,296.0,21,-0.12,91
Fitbit Versa 4,55,6851,71,253.19,159,-0.24,60
Wireless Charger,85,4338,52,437.33,86,0.54,78
PlayStation 5,93,2473,40,46.58,151,0.04,63
Skincare Set,37,5544,31,342.36,95,0.41,48
Kindle Paperwhite,66,6603,76,341.65,39,0.78,99
Mechanical Keyboard,56,7183,105,336.19,181,0.83,83
GoPro Hero 12,74,6337,100,471.46,175,-0.44,93
iPhone 16 Pro,33,9943,132,412.43,196,-0.62,65
GoPro Hero 12,66,7283,30,25.78,179,-0.48,48
Drone Pro X,62,6094,70,238.19,61,0.5,59
Fitbit Versa 4,60,4322,144,201.99,72,-0.26,95
Wireless Charger,84,3889,26,158.52,198,-0.65,74
Retinol Night Cream,41,6414,21,228.41,129,-0.8,75
Retinol Night Cream,40,2280,11,195.18,114,-0.35,81
PlayStation 5,61,4188,111,219.01,171,-0.73,75
Skincare Set,86,7711,72,489.73,48,-0.69,93
Dyson Airwrap,67,5537,132,48.87,50,0.37,48
Fitbit Versa 4,89,6819,41,461.5,130,-0.96,61
Foundation Serum,48,9140,42,242.72,117,-0.76,40
Smart TV 55in,85,581,100,313.75,174,0.69,44
Fitbit Versa 4,43,6778,143,415.94,74,0.69,48
Portable Projector,62,7499,5,183.43,127,-0.34,76
Kindle Paperwhite,39,1906,46,218.06,88,-0.82,77
Electric Toothbrush,93,7910,67,207.71,169,0.41,58
Portable Projector,93,1980,85,190.49,17,-0.28,47
Bose QuietComfort Ultra,91,9771,12,463.14,106,-0.91,81
Skincare Set,97,4098,31,415.32,27,-0.68,82
Luxury Perfume,72,8493,56,58.95,182,-0.73,71
Fitbit Versa 4,88,4683,95,58.52,105,0.18,52
Nike Air Max,81,4180,90,216.8,42,0.8,59
Portable Projector,48,8144,20,53.84,14,0.59,75
Galaxy S24 Ultra,50,4810,70,311.45,136,0.09,82
Fitbit Versa 4,51,2258,9,76.13,83,-0.16,83
Wireless Charger,38,3099,86,263.57,135,0.24,76
Mechanical Keyboard,38,6116,135,8.57,173,-0.11,69
LED Face Mask,56,6313,122,161.72,160,-0.51,49
iPhone 16 Pro,46,4353,85,340.21,177,0.36,70
Smart Speaker,73,2792,74,244.6,14,0.75,64
Wireless Charger,74,2001,119,489.24,43,-0.25,68
Nike Air Max,37,8922,11,437.68,33,0.68,63
Dyson Airwrap,47,8050,54,182.74,154,-0.14,78
Galaxy S24 Ultra,62,4750,146,27.52,104,-0.2,60
Fitbit Versa 4,30,9890,115,423.59,80,-0.94,80
Fitness Tracker,35,7491,51,456.06,101,0.39,48
Mechanical Keyboard,70,614,116,411.21,134,0.62,81
Foundation Serum,84,4906,47,68.34,31,0.33,81
Hyaluronic Acid Moisturizer,34,9684,95,498.97,24,-0.7,41
MacBook Air M3,88,2847,33,133.0,110,-0.79,43
MacBook Air M3,47,1541,132,363.48,24,0.15,47
Drone Pro X,78,7427,137,454.48,162,-0.2,71
Retinol Night Cream,94,511,100,121.67,62,-0.14,53
Apple Watch Series 10,83,8480,121,454.59,158,0.94,88
Foundation Serum,90,8371,74,158.19,111,0.45,52
MacBook Air M3,37,6875,134,488.32,122,-0.18,60
Hair Growth Oil,32,7598,74,144.22,41,-0.96,63
Drone Pro X,54,4176,114,476.95,30,-0.93,89
Wireless Charger,98,6609,136,31.5,181,0.37,57
MacBook Air M3,84,5897,60,356.09,92,0.68,84
Fitness Tracker,69,3565,93,268.4,23,0.42,79
Hair Growth Oil,79,2536,141,241.55,24,-0.19,65
Smart TV 55in,62,3546,135,115.63,157,-0.94,71
Bose QuietComfort Ultra,47,1040,104,354.27,43,0.93,83
Hair Growth Oil,86,576,133,99.45,173,0.97,96
Smart Speaker,45,3567,61,278.66,92,0.1,94
Apple Watch Series 10,67,523,148,130.36,18,-0.86,95
Nike Air Max,70,5634,55,478.03,167,0.08,92
GoPro Hero 12,36,1175,116,19.17,86,0.78,72
Dyson Airwrap,82,7168,108,103.87,172,0.36,91
Mechanical Keyboard,92,4767,131,124.94,150,0.44,70
Wireless Earbuds,61,6488,59,209.96,183,-0.83,57
GoPro Hero 12,67,8152,5,120.2,193,-0.79,74
GoPro Hero 12,51,9180,94,248.22,18,-0.75,51
Kindle Paperwhite,45,1985,57,436.87,45,0.81,90
Wireless Earbuds,81,4159,77,357.47,126,0.05,64
iPhone 16 Pro,58,2919,112,292.08,12,0.58,84
Kindle Paperwhite,45,8240,12,49.06,28,-0.77,70
Drone Pro X,46,7643,46,348.53,165,0.86,49
iPhone 16 Pro,93,3995,29,87.38,32,0.64,86
Retinol Night Cream,42,1256,42,394.25,113,-0.55,91
MacBook Air M3,85,8948,89,128.78,144,0.75,73
Wireless Charger,34,2279,28,211.44,114,-0.47,90
Mechanical Keyboard,41,6987,64,178.48,151,-0.59,42
Gaming Laptop,70,758,115,430.11,55,-0.47,85
GoPro Hero 12,32,4575,70,67.64,152,0.82,78
Portable Projector,62,8998,146,284.99,24,0.83,47
Fitbit Versa 4,79,8514,57,75.32,60,-0.34,71
Galaxy S24 Ultra,85,1618,110,353.87,119,0.41,82
Wireless Charger,38,8131,100,453.01,17,0.35,68
Hyaluronic Acid Moisturizer,79,3517,43,220.13,78,0.61,61
Hair Growth Oil,58,4841,46,246.61,199,-0.41,59
iPhone 16 Pro,68,2158,115,464.07,188,0.02,45
Galaxy S24 Ultra,74,8878,108,262.89,72,0.34,82
Kindle Paperwhite,46,2297,81,246.36,77,-0.95,88
Mechanical Keyboard,85,9616,12,291.27,153,-0.25,68
GoPro Hero 12,75,1284,30,346.17,161,0.39,81
Smart TV 55in,96,6191,144,57.91,15,-0.49,95
Gaming Laptop,98,3696,47,411.45,128,0.92,56
iPhone 16 Pro,43,9032,114,220.57,66,-0.94,70
Vitamin C Serum,96,1062,104,40.81,40,0.92,92
iPhone 16 Pro,52,5246,67,394.16,15,-0.57,73
Dyson Airwrap,90,3499,53,191.59,166,-0.9,77
Hair Growth Oil,52,1693,119,54.68,76,-0.42,96
Retinol Night Cream,56,568,141,318.72,140,0.57,76
LED Face Mask,83,6179,69,440.67,165,0.5,43
Wireless Charger,39,2928,75,444.44,83,-0.58,41
Portable Projector,45,6700,11,479.04,123,-0.61,51
Hair Growth Oil,70,5896,84,434.51,106,0.29,74
Vitamin C Serum,84,7493,71,6.06,185,-0.08,45
Sony WH-1000XM5,90,4098,142,193.22,89,0.58,95
LED Face Mask,78,9535,105,410.18,132,-0.95,85
LED Face Mask,81,1073,99,186.3,147,0.22,47
Galaxy S24 Ultra,31,4714,91,302.77,42,0.46,60
Vitamin C Serum,79,8136,95,305.13,149,0.99,92
Hyaluronic Acid Moisturizer,72,1978,107,185.69,194,0.36,97
Sony WH-1000XM5,37,6627,130,452.71,53,-0.54,85
Wireless Charger,88,9660,117,254.1,22,-0.78,74
GoPro Hero 12,94,7176,8,235.07,161,0.28,87
PlayStation 5,41,2696,92,498.77,181,0.05,54
Mechanical Keyboard,33,8666,7,249.28,66,0.8,46
Luxury Perfume,70,9346,95,93.31,105,0.45,54
LED Face Mask,36,6550,7,258.97,153,0.02,84
Retinol Night Cream,98,5150,85,407.94,118,-0.19,45
Fitbit Versa 4,98,8984,142,389.55,129,-0.19,86
GoPro Hero 12,59,5026,98,395.35,109,-0.55,56
Apple Watch Series 10,35,4912,130,355.47,158,-0.97,43
Drone Pro X,48,5943,117,130.84,120,0.15,61
Vitamin C Serum,95,9287,104,431.73,60,-0.58,71
Luxury Perfume,39,3093,57,447.25,30,-0.58,98
Wireless Earbuds,45,9607,91,101.11,69,-0.75,61
Dyson Airwrap,66,7352,93,69.58,188,-0.62,66
Nike Air Max,61,7129,58,487.92,30,-0.94,85
Fitness Tracker,76,4369,24,434.82,116,0.35,54
LED Face Mask,72,8471,117,447.15,135,-0.2,99
Sony WH-1000XM5,65,9667,53,443.76,143,0.12,83
Gaming Laptop,55,9767,139,273.13,82,0.27,90
Hair Growth Oil,39,8322,33,324.97,85,0.94,61
Fitbit Versa 4,60,3489,52,274.95,195,-0.86,67
Galaxy S24 Ultra,58,7562,17,30.35,87,-0.16,81
Dyson Airwrap,34,5840,7,374.02,143,-0.51,77
iPhone 16 Pro,30,4323,6,255.14,74,-0.05,99
MacBook Air M3,32,4432,20,325.62,95,0.84,96
MacBook Air M3,96,9054,98,253.81,43,0.45,48
Smart TV 55in,64,2929,106,248.45,65,0.32,73
Foundation Serum,44,7944,138,90.04,84,-0.12,75
Skincare Set,96,7647,49,142.96,12,0.34,48
PlayStation 5,59,8131,75,83.63,179,-0.94,54
Fitbit Versa 4,72,4098,137,101.85,199,0.17,84
Smart TV 55in,89,4829,60,486.62,15,0.11,59
Portable Projector,69,7218,131,80.79,15,-0.31,47
Bose QuietComfort Ultra,94,8718,36,138.29,157,-0.6,97
GoPro Hero 12,58,592,53,297.34,158,0.62,67
Galaxy S24 Ultra,48,9000,17,307.04,11,-0.89,90
Sony WH-1000XM5,32,551,29,81.22,99,-0.86,58
GoPro Hero 12,65,818,64,397.89,65,-0.12,96
Fitness Tracker,72,6188,63,393.68,105,-0.49,55
Smart TV 55in,44,7518,62,122.47,19,0.49,50
Nike Air Max,70,7710,24,147.89,96,0.27,81
Wireless Earbuds,65,4456,137,469.3,79,0.55,47
Galaxy S24 Ultra,62,6557,61,413.71,160,-0.35,72
Fitness Tracker,34,7375,58,350.41,122,0.48,49
Galaxy S24 Ultra,43,4931,116,45.71,39,0.72,57
GoPro Hero 12,97,2025,90,212.04,137,-0.31,74
Hair Growth Oil,76,7543,41,281.85,87,-0.32,82
Bose QuietComfort Ultra,83,1778,88,97.77,174,0.8,89
iPhone 16 Pro,33,9205,52,226.87,64,-0.9,42
Drone Pro X,38,6625,122,302.51,58,-0.3,79
Apple Watch Series 10,82,8374,52,167.05,43,-0.76,66
Hair Growth Oil,89,7400,116,391.57,114,-0.94,98
Wireless Earbuds,75,3000,114,421.02,181,-0.77,67
Vitamin C Serum,83,3964,10,165.19,31,-0.14,85
Retinol Night Cream,66,2759,82,420.14,40,0.37,45
Drone Pro X,52,7996,27,56.27,144,-0.42,86
Bose QuietComfort Ultra,56,3159,130,419.68,114,0.7,53
Apple Watch Series 10,99,755,88,80.61,158,-0.12,46
GoPro Hero 12,95,2002,17,46.05,25,0.94,49
Hyaluronic Acid Moisturizer,90,5156,51,322.68,29,0.91,54
Dyson Airwrap,80,5930,48,238.61,52,0.55,70
Wireless Earbuds,79,9098,109,454.41,181,0.86,68
Smart Speaker,48,3676,18,184.78,56,0.41,81
Retinol Night Cream,30,2360,125,147.14,123,0.79,93
Nike Air Max,69,6658,40,252.86,28,-0.53,56
Luxury Perfume,61,6306,12,230.69,57,-0.31,98
Sony WH-1000XM5,51,4854,20,175.49,148,0.51,90
Drone Pro X,95,1222,95,348.4,166,-0.15,68
Sony WH-1000XM5,69,8079,124,380.98,54,0.67,88
Gaming Laptop,67,9974,64,427.23,173,0.76,83
Gaming Laptop,77,1113,14,486.56,185,-0.4,54
Drone Pro X,84,3831,35,136.99,96,0.65,65
Wireless Earbuds,84,6290,25,359.47,24,-0.69,51
Skincare Set,80,3616,85,200.16,119,-0.33,64
Wireless Earbuds,89,9504,37,340.16,181,0.04,80
GoPro Hero 12,37,830,35,240.61,105,-0.55,44
Galaxy S24 Ultra,97,2712,40,496.92,177,0.16,43
Foundation Serum,38,9908,136,365.81,111,0.16,83
Fitness Tracker,31,5993,72,476.48,95,-0.59,87
Fitbit Versa 4,99,7732,94,418.31,151,0.59,80
Hyaluronic Acid Moisturizer,88,6114,136,451.94,90,0.26,96
Smart Speaker,48,6413,13,408.14,60,-0.36,70
GoPro Hero 12,57,6413,34,232.28,121,-0.54,42
Portable Projector,43,6111,119,129.64,195,0.76,92
MacBook Air M3,53,9932,49,188.31,24,0.67,42
Mechanical Keyboard,73,819,8,15.02,74,-0.54,65
Mechanical Keyboard,85,8585,73,264.38,97,-0.93,89
Nike Air Max,80,4700,27,255.0,192,0.61,56
Hyaluronic Acid Moisturizer,61,5291,20,265.0,85,0.23,99
MacBook Air M3,79,829,26,487.15,19,-0.8,49
Foundation Serum,70,9351,76,456.17,51,0.17,41
Retinol Night Cream,95,7242,52,85.05,104,-0.1,63
Hair Growth Oil,54,5416,111,187.6,20,0.55,50
Kindle Paperwhite,90,2293,137,214.86,127,-0.58,63
LED Face Mask,95,6957,11,183.46,153,-0.09,74
Smart Speaker,71,8625,55,400.26,134,-0.69,62
Mechanical Keyboard,94,6203,69,264.4,87,0.92,71
Smart Speaker,65,6670,13,288.19,156,0.56,62
LED Face Mask,38,7144,86,427.24,168,0.47,73
Nike Air Max,65,7920,49,403.93,190,0.38,80
Mechanical Keyboard,67,4655,126,70.44,99,-0.15,58
Sony WH-1000XM5,62,8911,14,358.39,17,0.85,41
Hair Growth Oil,71,3111,77,220.54,161,-0.85,99
Fitness Tracker,90,6191,52,150.85,145,0.61,90
Skincare Set,75,3093,91,29.76,120,-0.57,41
Apple Watch Series 10,90,595,115,246.19,185,-0.35,54
Sony WH-1000XM5,47,9680,20,180.94,167,0.04,95
Kindle Paperwhite,99,9804,57,129.5,67,0.57,60
Foundation Serum,44,6541,44,348.86,95,0.68,74
Electric Toothbrush,77,5563,104,385.9,64,0.17,44
Smart TV 55in,42,8937,24,126.17,131,-0.19,82
Skincare Set,72,3849,73,29.48,199,0.89,66
Smart Speaker,89,8144,49,425.13,117,-0.51,63
Foundation Serum,86,7060,10,9.93,57,0.61,46
GoPro Hero 12,46,5747,43,468.87,141,0.22,45
Fitbit Versa 4,79,5856,106,315.67,174,-0.25,85
MacBook Air M3,61,4577,134,164.31,145,-1.0,72
Portable Projector,51,5398,111,127.01,138,-0.11,97
Retinol Night Cream,84,1917,43,9.46,56,-0.45,88
Vitamin C Serum,86,9346,122,121.56,14,-0.79,56
Skincare Set,42,610,86,73.18,187,-0.85,85
Galaxy S24 Ultra,76,8781,58,308.02,33,-0.3,81
Galaxy S24 Ultra,91,9454,114,87.44,184,0.23,69
Hair Growth Oil,83,7891,16,266.67,27,0.68,47
Fitbit Versa 4,58,5632,114,297.11,93,-0.63,79
Wireless Charger,51,3004,42,152.53,165,-0.15,85
Vitamin C Serum,94,8789,147,22.36,14,-0.22,46
PlayStation 5,58,5739,11,23.44,39,0.03,45
Fitbit Versa 4,77,792,82,18.04,10,0.62,43
Vitamin C Serum,34,2234,69,370.87,95,0.11,40
Drone Pro X,64,5620,106,162.41,91,0.69,54
Smart TV 55in,75,6893,105,399.17,183,0.04,70
Galaxy S24 Ultra,64,2696,48,218.71,78,0.21,64
Apple Watch Series 10,74,3966,35,229.23,40,-0.13,86
Luxury Perfume,42,2406,81,258.88,100,0.65,72
Fitbit Versa 4,39,2221,52,357.95,193,0.85,91
Hair Growth Oil,95,2316,86,140.38,102,0.28,74
Galaxy S24 Ultra,99,8944,131,65.19,136,0.64,94
Nike Air Max,54,4727,88,280.25,165,-0.88,44
Smart TV 55in,73,6275,14,166.85,25,0.81,44
Apple Watch Series 10,89,4349,33,224.03,63,-0.62,75
Foundation Serum,76,5728,52,325.24,190,-0.49,56
Wireless Charger,69,7349,120,249.59,149,-0.89,92
Dyson Airwrap,36,1558,17,312.04,29,0.93,91
Fitbit Versa 4,75,2822,51,274.38,91,0.7,53
iPhone 16 Pro,52,8878,107,371.2,171,0.83,97
Fitbit Versa 4,75,1448,95,354.44,190,0.69,68
GoPro Hero 12,42,8679,57,269.42,160,-0.04,47
Portable Projector,50,4859,96,341.06,118,0.85,73
MacBook Air M3,30,6160,81,437.41,164,0.94,79
PlayStation 5,48,7754,48,218.97,122,0.01,40
Fitness Tracker,89,8901,6,209.32,26,-0.65,68
GoPro Hero 12,62,2593,105,383.3,185,0.32,75
Retinol Night Cream,33,2063,61,293.36,158,0.95,90
Sony WH-1000XM5,32,8717,61,40.15,187,0.74,76
Hyaluronic Acid Moisturizer,81,674,38,446.6,177,0.72,68
Nike Air Max,57,1834,62,20.24,135,0.87,44
Bose QuietComfort Ultra,99,821,39,375.46,12,0.79,92
Vitamin C Serum,99,6198,79,380.6,26,0.55,71
LED Face Mask,84,6104,37,476.79,198,0.44,99
Hair Growth Oil,86,7242,119,31.8,59,-0.47,91
PlayStation 5,45,7936,79,300.44,131,0.24,63
Galaxy S24 Ultra,53,9024,77,216.78,99,0.04,58
Sony WH-1000XM5,98,6174,82,168.66,96,0.72,51
Mechanical Keyboard,70,5502,13,49.71,15,-0.02,91
Fitbit Versa 4,76,1410,52,283.51,165,-0.74,40
PlayStation 5,98,1449,71,242.13,64,-0.99,46
Mechanical Keyboard,60,5925,123,56.75,195,0.36,56
Wireless Earbuds,59,3014,137,308.18,182,0.1,73
Gaming Laptop,47,8201,123,370.29,156,-0.34,82
Retinol Night Cream,73,600,90,384.8,111,-0.66,46
Hyaluronic Acid Moisturizer,56,5146,110,453.16,38,-0.07,56
Galaxy S24 Ultra,55,7445,80,207.69,160,-0.8,98
LED Face Mask,89,2900,44,476.77,120,-0.33,42
Smart TV 55in,47,6301,23,433.39,169,-0.24,68
Foundation Serum,85,2843,51,151.77,19,-0.07,61
Apple Watch Series 10,60,852,69,83.85,100,-0.07,77
GoPro Hero 12,88,3455,34,220.52,186,-0.49,93
Foundation Serum,31,1518,130,203.94,38,0.7,82
Wireless Earbuds,68,1679,70,289.98,196,-0.29,68
Fitness Tracker,90,5693,9,293.78,54,-0.54,89
Skincare Set,92,4036,97,376.24,60,-0.65,89
Mechanical Keyboard,47,3002,101,257.4,110,-0.35,93
Smart Speaker,46,4319,98,56.89,137,-0.86,81
Apple Watch Series 10,68,7355,110,429.85,20,-0.93,44
Wireless Charger,83,1479,137,158.33,91,0.21,69
Apple Watch Series 10,64,1476,89,485.79,137,0.24,62
PlayStation 5,40,2780,62,63.34,15,0.06,94
PlayStation 5,90,6397,83,479.33,76,0.52,60
Bose QuietComfort Ultra,73,607,12,50.05,71,-0.92,95
Smart TV 55in,97,9664,16,119.36,142,0.87,65
LED Face Mask,54,2126,98,28.06,146,-0.81,93
MacBook Air M3,77,9395,95,354.03,37,0.35,86
LED Face Mask,61,6729,37,425.9,47,-0.73,60
Hyaluronic Acid Moisturizer,33,7377,104,219.87,52,0.76,59
Smart Speaker,67,1374,19,464.62,126,0.02,62
Fitbit Versa 4,92,6043,118,297.2,158,-0.84,43
Fitness Tracker,76,4309,133,316.85,199,0.23,60
